threshold,precision,recall
0.0032911676028218565,0.15730659025787966,1.0
0.0038732065748636525,0.15748709122203097,1.0
0.006624500936155191,0.15784933870040252,1.0
0.010167780562261806,0.15822967891235176,0.9963570127504554
0.01139376354959153,0.15832127351664255,0.9963570127504554
0.02181290633405584,0.158123370981755,0.994535519125683
0.022157286828000475,0.1585826314260819,0.994535519125683
0.023624414356234084,0.15867480383609417,0.994535519125683
0.02539030324131726,0.1589519650655022,0.994535519125683
0.027030604617017992,0.15904456743373144,0.994535519125683
0.027198325200688777,0.15927654609101516,0.994535519125683
0.027290221514883133,0.15955581531268265,0.994535519125683
0.027366466968680083,0.1596958174904943,0.994535519125683
0.02872926814386806,0.15974253949678174,0.994535519125683
0.028924199290087844,0.15978928884986832,0.994535519125683
0.029757484704805694,0.1595433255269321,0.9927140255009107
0.031052213074050237,0.15977719143946056,0.9927140255009107
0.03448660890648009,0.16001174398120963,0.9927140255009107
0.03513686576615289,0.16038846380223662,0.9927140255009107
0.03672578961893957,0.1604829210836278,0.9927140255009107
0.03724731846060639,0.16057748968768415,0.9927140255009107
0.03760119877327442,0.16056670602125148,0.9908925318761385
0.03890181862365999,0.1607565011820331,0.9908925318761385
0.038994410237565794,0.1608991422656019,0.9908925318761385
0.03949663548930306,0.16094674556213018,0.9908925318761385
0.041175673560185706,0.1608888888888889,0.9890710382513661
0.04246912297317272,0.16083086053412463,0.9872495446265938
0.04258454778988371,0.16087859899079845,0.9872495446265938
0.04530292555940104,0.16092636579572447,0.9872495446265938
0.04824079181827832,0.16097416097416098,0.9872495446265938
0.04850329516084733,0.16102198455139632,0.9872495446265938
0.049474721517952715,0.1610698365527489,0.9872495446265938
0.04980947613926792,0.16183935503135263,0.9872495446265938
0.050063285406163845,0.16168559473998806,0.9854280510018215
0.05073217926381252,0.16173393124065769,0.9854280510018215
0.05093202190123948,0.1617822966507177,0.9854280510018215
0.051003627388827244,0.1620730976632714,0.9854280510018215
0.0511216202549678,0.16212166616721607,0.9854280510018215
0.051524112684948456,0.16217026378896882,0.9854280510018215
0.051689306238627324,0.16241368958270788,0.9854280510018215
0.05188674017949222,0.16256009615384615,0.9854280510018215
0.05255234628495168,0.16260895701833483,0.9854280510018215
0.053390244213680126,0.16260162601626016,0.9836065573770492
0.053437783831307366,0.16239831274480265,0.9817850637522769
0.05348622941706096,0.16249623153451914,0.9817850637522769
0.05381884676285003,0.16224366706875754,0.9799635701275046
0.0543560523476842,0.1622926093514329,0.9799635701275046
0.05452385157208422,0.16287534121929026,0.9781420765027322
0.054697707350356194,0.1629247572815534,0.9781420765027322
0.05552517816475817,0.1629742033383915,0.9781420765027322
0.0559826245055012,0.16302367941712204,0.9781420765027322
0.05612303973940656,0.16307318554509564,0.9781420765027322
0.056511764113943194,0.16312272174969622,0.9781420765027322
0.05673108115214943,0.1631162507608034,0.97632058287796
0.05718880202676621,0.1628048780487805,0.9726775956284153
0.057312358017382575,0.16285452881976212,0.9726775956284153
0.057608216728814415,0.16290420988407567,0.9726775956284153
0.057946536477574855,0.16305343511450382,0.9726775956284153
0.05795802381373535,0.16310323762981063,0.9726775956284153
0.05807220577549972,0.16345270890725436,0.9726775956284153
0.05829821561632612,0.16355283307810106,0.9726775956284153
0.05834790869697943,0.1637032495401594,0.9726775956284153
0.05847176238350779,0.1640552995391705,0.9726775956284153
0.05865908177586874,0.16430769230769232,0.9726775956284153
0.05869950550323464,0.16435826408125578,0.9726775956284153
0.05890304615311869,0.16410098522167488,0.970856102003643
0.059051539205922175,0.1637372802960222,0.9672131147540983
0.059748032444547204,0.16378778531770513,0.9672131147540983
0.059823212284857166,0.1639394874961408,0.9672131147540983
0.06071004700695274,0.1635239567233385,0.9635701275045537
0.06080500130122615,0.16392934614192747,0.9635701275045537
0.06137596277360217,0.16367017978921264,0.9617486338797814
0.061681599660915465,0.16382252559726962,0.9617486338797814
0.06225400394427664,0.16387337057728119,0.9617486338797814
0.062468745984714504,0.1639751552795031,0.9617486338797814
0.06260506029437356,0.16417910447761194,0.9617486338797814
0.06290720189054494,0.16443475552787293,0.9617486338797814
0.06295795043792794,0.16448598130841122,0.9617486338797814
0.06300067500299822,0.1642256154565285,0.9599271402550091
0.06314876541076864,0.1645846346033729,0.9599271402550091
0.06325900281786989,0.1646360512339894,0.9599271402550091
0.06404923921234817,0.1646875,0.9599271402550091
0.06405615683528373,0.1647389809315411,0.9599271402550091
0.06506995484279851,0.16489361702127658,0.9599271402550091
0.06537400065468096,0.16566929133858269,0.9581056466302368
0.06569074596365439,0.1657214870825457,0.9581056466302368
0.0656913381065271,0.16577371572644184,0.9581056466302368
0.06662000293285936,0.16582597730138715,0.9581056466302368
0.06663140583981891,0.16587827183853673,0.9581056466302368
0.06714062547392281,0.16629781852671516,0.9581056466302368
0.0671599461000946,0.16650838873061094,0.9581056466302368
0.06718481490176174,0.16656111462951234,0.9581056466302368
0.06788543407026544,0.16735602927139676,0.9581056466302368
0.06806157068477438,0.16751592356687897,0.9581056466302368
0.06843802613885393,0.16756928958266964,0.9581056466302368
0.06913178329281208,0.16730401529636713,0.9562841530054644
0.0698132434898359,0.1673573477845075,0.9562841530054644
0.07011472858674439,0.1678388746803069,0.9562841530054644
0.0701454706500821,0.1676263595649392,0.9544626593806922
0.07033037331612628,0.16778738392571246,0.9544626593806922
0.07040378646892455,0.16794871794871793,0.9544626593806922
0.07068121506830814,0.16805644644002565,0.9544626593806922
0.0708545081779505,0.1678433889602054,0.9526411657559198
0.07280441653957045,0.16789727126805779,0.9526411657559198
0.0728766284780225,0.16795118818240207,0.9526411657559198
0.07308255996071313,0.1680051397365885,0.9526411657559198
0.07316250155635788,0.16806181584030908,0.9508196721311475
0.07359256114263306,0.1681159420289855,0.9508196721311475
0.07441196108533035,0.16817010309278352,0.9508196721311475
0.07536760499375376,0.16806451612903225,0.9489981785063752
0.07566101469956063,0.1681187479832204,0.9489981785063752
0.07575352017803809,0.16817301484828923,0.9489981785063752
0.0762248795092298,0.16839043309631546,0.9489981785063752
0.07631430396348626,0.16910094125283998,0.9489981785063752
0.07640011767162126,0.16915584415584414,0.9489981785063752
0.07824228208036996,0.16921078272166287,0.9489981785063752
0.07839623702964928,0.16926575698505522,0.9489981785063752
0.0789087011756246,0.1694308943089431,0.9489981785063752
0.07925871703440719,0.16948601171112557,0.9489981785063752
0.08004105498099254,0.16954116498535632,0.9489981785063752
0.08006961500626893,0.17004578155657293,0.9471766848816029
0.08010395105780894,0.1702127659574468,0.9471766848816029
0.08010809535689643,0.17071569271175313,0.9471766848816029
0.08011167683805835,0.17077175697865354,0.9471766848816029
0.08073600323355999,0.17105263157894737,0.9471766848816029
0.08107452336223478,0.17116524028966426,0.9471766848816029
0.08184212325801087,0.17139090309822017,0.9471766848816029
0.08226838400385142,0.17144741180349488,0.9471766848816029
0.08308423135251825,0.17150395778364116,0.9471766848816029
0.08349070131242323,0.17167381974248927,0.9471766848816029
0.08396000083621999,0.17178724810042947,0.9471766848816029
0.08403154993755932,0.17195767195767195,0.9471766848816029
0.08415360737172663,0.17201455507773736,0.9471766848816029
0.08442292401489179,0.17207147584381205,0.9471766848816029
0.0847401268109369,0.17270009963467287,0.9471766848816029
0.08522541057917594,0.17275747508305647,0.9471766848816029
0.08569552784588046,0.17248255234297108,0.9453551912568307
0.08712370694010946,0.17253989361702127,0.9453551912568307
0.08755225741266613,0.17265469061876249,0.9453551912568307
0.08912889393173752,0.17271214642262894,0.9453551912568307
0.0891577743024231,0.17276964047936086,0.9453551912568307
0.08942583528745249,0.17260913028990338,0.9435336976320583
0.09334349005303896,0.17233333333333334,0.941712204007286
0.09393378516026955,0.17239079693231077,0.941712204007286
0.09453521922561467,0.17250583917250584,0.941712204007286
0.09514678989316286,0.17222963951935916,0.9398907103825137
0.09531745452669908,0.17240227196792515,0.9398907103825137
0.0954193244188779,0.17245989304812834,0.9398907103825137
0.09846729948532393,0.17251755265797392,0.9398907103825137
0.0988012966042759,0.17315436241610738,0.9398907103825137
0.098911023024511,0.17293485560779046,0.9380692167577414
0.09929130028788011,0.1730057219791316,0.936247723132969
0.10088755378716728,0.17306397306397306,0.936247723132969
0.10133506650199704,0.17318059299191374,0.936247723132969
0.10166999359714715,0.17323896191439164,0.936247723132969
0.10174707285900925,0.17329737019554955,0.936247723132969
0.10210558341051931,0.1733558178752108,0.936247723132969
0.1021324917857208,0.17341430499325236,0.936247723132969
0.10352675731235256,0.17347283158960514,0.936247723132969
0.10416770410936788,0.17353139770425388,0.936247723132969
0.10480924997521085,0.17359000337723743,0.936247723132969
0.10564271586558964,0.17364864864864865,0.936247723132969
0.10643393999153124,0.17370733355863469,0.936247723132969
0.10752542562872248,0.1737660581473969,0.936247723132969
0.10902850560185702,0.17382482245519107,0.936247723132969
0.10910804559716607,0.17441465897522904,0.936247723132969
0.1095117081888337,0.17447386286490157,0.936247723132969
0.11247229630195285,0.17453310696095076,0.936247723132969
0.11248522609474666,0.17459239130434784,0.936247723132969
0.11273592128133778,0.17477048622917374,0.936247723132969
0.11330394830744069,0.17482993197278912,0.936247723132969
0.11389210657783655,0.1748894181694454,0.936247723132969
0.1155194310671415,0.1749489448604493,0.936247723132969
0.11620221348018754,0.17500851208716378,0.936247723132969
0.11627416757511412,0.17506811989100818,0.936247723132969
0.11680378239062487,0.1752471871803614,0.936247723132969
0.11779410403474647,0.1753069577080491,0.936247723132969
0.11841836286659943,0.175366769020812,0.936247723132969
0.1186895229703767,0.1755464480874317,0.936247723132969
0.12038395854691357,0.1752647762213871,0.9344262295081968
0.12128346372055136,0.17532467532467533,0.9344262295081968
0.121487258746324,0.17504273504273504,0.9326047358834244
0.12242477981046793,0.17528243752139677,0.9326047358834244
0.12324352914056128,0.17534246575342466,0.9326047358834244
0.12335334519791948,0.17540253511476533,0.9326047358834244
0.12360794357970517,0.1755829903978052,0.9326047358834244
0.1241579254710921,0.17542052866460695,0.930783242258652
0.12417476179105222,0.17513736263736263,0.9289617486338798
0.12426170930852341,0.17519752662315355,0.9289617486338798
0.12463406177223256,0.17525773195876287,0.9289617486338798
0.12513976107019015,0.17497421794431076,0.9271402550091075
0.12567720358020573,0.1750343878954608,0.9271402550091075
0.12591125706524975,0.17509459924320606,0.9271402550091075
0.1264202718059307,0.17521514629948365,0.9271402550091075
0.12642998250144374,0.17527548209366392,0.9271402550091075
0.12701825370292907,0.1754567390554981,0.9271402550091075
0.12703950060166314,0.17551724137931035,0.9271402550091075
0.12735541006617,0.175698998964446,0.9271402550091075
0.1274572313299904,0.1754932502596054,0.9234972677595629
0.12811570115887955,0.1755540166204986,0.9234972677595629
0.12838777782208113,0.17561482507793558,0.9234972677595629
0.1290202261317283,0.17567567567567569,0.9234972677595629
0.1292955542542221,0.17585848074921956,0.9234972677595629
0.12981998925976615,0.17591950034698126,0.9234972677595629
0.13083472897705947,0.17598056230475528,0.9234972677595629
0.13156522322690137,0.17604166666666668,0.9234972677595629
0.13356603097878494,0.1762252346193952,0.9234972677595629
0.13427128802122676,0.1762865090403338,0.9234972677595629
0.13456959796126458,0.17606123869171886,0.9216757741347905
0.13462739938674054,0.17577445179255133,0.9198542805100182
0.1349428684078157,0.1758356545961003,0.9198542805100182
0.13498971729805326,0.17560975609756097,0.9180327868852459
0.13648046124362279,0.1756709654932032,0.9180327868852459
0.1365880783866948,0.17597765363128492,0.9180327868852459
0.1367665143706036,0.17603911980440098,0.9180327868852459
0.13730051267994134,0.17622377622377622,0.9180327868852459
0.1384098568177598,0.17628541448058763,0.9180327868852459
0.13873900561022104,0.17634709587123862,0.9180327868852459
0.13930105395027528,0.1767800771659067,0.9180327868852459
0.13932695316466673,0.17696629213483145,0.9180327868852459
0.1393440890161301,0.17680140597539543,0.9162112932604736
0.13973112449651126,0.17651195499296765,0.9143897996357013
0.13974399895996004,0.176574041505452,0.9143897996357013
0.14215043996348312,0.17663617171006332,0.9143897996357013
0.14245105775251557,0.1766983456529391,0.9143897996357013
0.14267540515905344,0.17676056338028168,0.9143897996357013
0.14344950355276617,0.17682282493835857,0.9143897996357013
0.14346857783108138,0.17665726375176305,0.912568306010929
0.1434968291821307,0.17671957671957672,0.912568306010929
0.14385489715244665,0.17678193366266762,0.912568306010929
0.14541434683924734,0.1763250883392226,0.9089253187613844
0.14557133025553448,0.17638741604807354,0.9089253187613844
0.14594946008870632,0.1760961810466761,0.907103825136612
0.14638292522449245,0.17615847187831624,0.907103825136612
0.14714153316367645,0.1762208067940552,0.907103825136612
0.1476871814413581,0.175929203539823,0.9052823315118397
0.14802116299299814,0.1759915014164306,0.9052823315118397
0.14814286841098506,0.17605384342897626,0.9052823315118397
0.14815070780925388,0.17611622962437987,0.9052823315118397
0.14822566156518532,0.1761786600496278,0.9052823315118397
0.1482920489242493,0.17588652482269504,0.9034608378870674
0.14847748816075212,0.17632420902950588,0.9034608378870674
0.14943125848116529,0.17651245551601424,0.9034608378870674
0.14979209988472061,0.1770796144234202,0.9034608378870674
0.14993487670650638,0.17714285714285713,0.9034608378870674
0.15093683422076887,0.17784152025815705,0.9034608378870674
0.15094344451288674,0.17761033369214208,0.9016393442622951
0.15111327526784227,0.17767408470926058,0.9016393442622951
0.15122531798606706,0.17773788150807898,0.9016393442622951
0.15238597153460026,0.17780172413793102,0.9016393442622951
0.15336028100403784,0.1783001808318264,0.8979963570127505
0.15413793379248447,0.17836468885672938,0.8979963570127505
0.15430046228454322,0.1780673181324647,0.8961748633879781
0.15474276603410125,0.1781317885590152,0.8961748633879781
0.15617484799663917,0.17845484221980412,0.8961748633879781
0.15644806129483999,0.17851959361393324,0.8961748633879781
0.15681799820531792,0.1786492374727669,0.8961748633879781
0.15685121811072908,0.1787141300399564,0.8961748633879781
0.15701436101680774,0.17877906976744187,0.8961748633879781
0.15716621281737023,0.17884405670665213,0.8961748633879781
0.1575971599666417,0.1786104037831939,0.8943533697632058
0.15855242012766213,0.17831149927219797,0.8925318761384335
0.1585982947799081,0.17844136926438456,0.8925318761384335
0.16023501734940632,0.1785063752276867,0.8925318761384335
0.16077167250430877,0.17859751643535426,0.8907103825136612
0.1609080977777426,0.1782974059188893,0.8888888888888888
0.16110196778294783,0.17842778793418648,0.8888888888888888
0.16139436821481196,0.17819246249542628,0.8870673952641166
0.16143258757994505,0.17825768667642752,0.8870673952641166
0.1618074637790056,0.17832295862321493,0.8870673952641166
0.16189012995651775,0.1783882783882784,0.8870673952641166
0.1625578894356159,0.17851906158357772,0.8870673952641166
0.1631720044198749,0.17876889052709177,0.8834244080145719
0.16321415920496363,0.17890077462191073,0.8834244080145719
0.1636401670057495,0.17896678966789667,0.8834244080145719
0.16425566825641916,0.1790328534514581,0.8834244080145719
0.1651586484895712,0.17872968980797638,0.8816029143897997
0.16566858915128901,0.17886178861788618,0.8816029143897997
0.16610807534840213,0.1789279112754159,0.8816029143897997
0.1662026305227504,0.17906030336662968,0.8816029143897997
0.16629166210361532,0.17875647668393782,0.8797814207650273
0.1664373777666301,0.17882265827471308,0.8797814207650273
0.16658011279629306,0.17888888888888888,0.8797814207650273
0.16659283400280733,0.17895516858095592,0.8797814207650273
0.1668277724808315,0.17871709306637004,0.8779599271402551
0.16728568502529878,0.17878338278931752,0.8779599271402551
0.16774842106435295,0.1789161098737936,0.8779599271402551
0.16776380146505698,0.17951582867783986,0.8779599271402551
0.167810064200849,0.179745889387145,0.8761384335154827
0.16829923679917036,0.17981308411214952,0.8761384335154827
0.16832742007185938,0.17988032909498877,0.8761384335154827
0.16848332938985813,0.17994762439206885,0.8761384335154827
0.16965220705556433,0.18008236615499812,0.8761384335154827
0.1700952494288579,0.1802848575712144,0.8761384335154827
0.17013096744236902,0.18048780487804877,0.8761384335154827
0.17015642786933563,0.18069120961682944,0.8761384335154827
0.1709232120235211,0.18038331454340473,0.8743169398907104
0.17133029007693332,0.18045112781954886,0.8743169398907104
0.17133222742562743,0.1807909604519774,0.8743169398907104
0.1716859237740249,0.1808590806330068,0.8743169398907104
0.17184243453349063,0.18099547511312217,0.8743169398907104
0.17197782851135057,0.1810637495284798,0.8743169398907104
0.17320805303764228,0.1811320754716981,0.8743169398907104
0.1733175113888477,0.1812004530011325,0.8743169398907104
0.17347856533269237,0.18126888217522658,0.8743169398907104
0.1736506354470419,0.18147448015122875,0.8743169398907104
0.17389923157175283,0.1815431164901664,0.8743169398907104
0.17393937531243192,0.18161180476730987,0.8743169398907104
0.1739569816251973,0.1817493373722075,0.8743169398907104
0.17438916029775414,0.18181818181818182,0.8743169398907104
0.17441380310702295,0.18188707843880259,0.8743169398907104
0.1746050756364289,0.1819560272934041,0.8743169398907104
0.17489699289025762,0.1820250284414107,0.8743169398907104
0.17522993857915461,0.18209408194233687,0.8743169398907104
0.17611531887725326,0.18216318785578747,0.8743169398907104
0.17612194149999838,0.18223234624145787,0.8743169398907104
0.17659200509678274,0.18206005321170657,0.8724954462659381
0.17674740790695775,0.18212927756653993,0.8724954462659381
0.17681873391995526,0.18219855458349182,0.8724954462659381
0.1768664395449161,0.1823372668443091,0.8724954462659381
0.17688428000019346,0.1824761904761905,0.8724954462659381
0.1770046269182068,0.18254573170731708,0.8724954462659381
0.17713378725287324,0.18261532596263821,0.8724954462659381
0.17724878014599205,0.18268497330282227,0.8724954462659381
0.1773229202304352,0.18237314002289204,0.8706739526411658
0.1774716528811228,0.18244274809160305,0.8706739526411658
0.1774908195985603,0.18213058419243985,0.8688524590163934
0.17760975267769263,0.1823394495412844,0.8688524590163934
0.17799690937363152,0.1824091778202677,0.8688524590163934
0.1783699607932592,0.18247895944912013,0.8688524590163934
0.1785536698360069,0.1826186830015314,0.8688524590163934
0.1787623982523371,0.18268862504787436,0.8688524590163934
0.17880883232176847,0.18275862068965518,0.8688524590163934
0.17908836218142393,0.18282866998850134,0.8688524590163934
0.17918415204884858,0.1822716807367613,0.8652094717668488
0.17924585236734025,0.18234165067178504,0.8652094717668488
0.17927498208181972,0.18241167434715821,0.8652094717668488
0.17953235019133187,0.18213323065075088,0.8615664845173042
0.17985448271906918,0.18220338983050846,0.8615664845173042
0.17998024887398445,0.18227360308285165,0.8615664845173042
0.18044513697088674,0.18241419205553414,0.8615664845173042
0.1805896119818331,0.18248456790123457,0.8615664845173042
0.18067436908447393,0.18255499807024314,0.8615664845173042
0.18074836620643764,0.18262548262548262,0.8615664845173042
0.1808908304382459,0.18230977211278485,0.8597449908925319
0.1813077412477998,0.18199381761978362,0.8579234972677595
0.1817817199425897,0.1820641669887901,0.8579234972677595
0.18211562960134944,0.18174787316318639,0.8561020036429873
0.18214793474091506,0.181431334622824,0.8542805100182149
0.1825022676671391,0.18111455108359134,0.8524590163934426
0.18302320585863058,0.18132506780317706,0.8524590163934426
0.18321645216835836,0.1810077519379845,0.8506375227686703
0.18337166366332375,0.18114817688130333,0.8506375227686703
0.18365346576536626,0.18121847109041522,0.8506375227686703
0.18387884290966408,0.18090062111801242,0.848816029143898
0.18388327417627542,0.18097087378640778,0.848816029143898
0.18389591510021805,0.18104118104118105,0.848816029143898
0.18428118339900582,0.18111154294597745,0.848816029143898
0.1844341104485627,0.18118195956454122,0.848816029143898
0.18473203226027113,0.18125243096071567,0.848816029143898
0.1851852311162255,0.18132295719844357,0.848816029143898
0.18591168595788526,0.18146417445482865,0.848816029143898
0.18602705106562098,0.18153486560186988,0.848816029143898
0.18658209769391257,0.18121590023382697,0.8469945355191257
0.18679785829445614,0.1809672386895476,0.8451730418943534
0.18691194373063003,0.18064767850175575,0.843351548269581
0.1870567412384264,0.18039828192112456,0.8415300546448088
0.18706411138240586,0.18046875,0.8415300546448088
0.18709716458403738,0.18053927315357562,0.8415300546448088
0.18730133298151638,0.18060985144644254,0.8415300546448088
0.18731773154212228,0.18082191780821918,0.8415300546448088
0.18797819420940545,0.18089271730618636,0.8415300546448088
0.1884085788819519,0.1809635722679201,0.8415300546448088
0.18967637790466743,0.18124754805806198,0.8415300546448088
0.1900400443927978,0.18138987043580684,0.8415300546448088
0.19006659941931026,0.1814611154752553,0.8415300546448088
0.19016871269848504,0.18167518678725914,0.8415300546448088
0.19041435030732062,0.18181818181818182,0.8415300546448088
0.19049906385439216,0.18188976377952756,0.8415300546448088
0.19081156079842207,0.18196140212682158,0.8415300546448088
0.19121386954406705,0.18203309692671396,0.8415300546448088
0.1917109267996851,0.1821048482459598,0.8415300546448088
0.19204893123062916,0.18178233438485805,0.8397085610200364
0.1927452395126332,0.18185404339250494,0.8397085610200364
0.19290688342331394,0.1819258089976322,0.8397085610200364
0.19306396520758703,0.181997631267272,0.8397085610200364
0.1933025303337694,0.18167456556082148,0.8378870673952641
0.19437437479519445,0.1817463453180561,0.8378870673952641
0.1944022194267035,0.18156645569620253,0.8360655737704918
0.19506887488449282,0.18163830629204591,0.8360655737704918
0.1954105048410969,0.18185419968304278,0.8360655737704918
0.19545819261477423,0.18192627824019025,0.8360655737704918
0.19580115017677124,0.18199841395717684,0.8360655737704918
0.19625858347938022,0.182070606902023,0.8360655737704918
0.1968227852304593,0.18221516474791585,0.8360655737704918
0.19716111587671853,0.18286852589641434,0.8360655737704918
0.19720689216150813,0.18301435406698566,0.8360655737704918
0.19772739564557934,0.1831604150039904,0.8360655737704918
0.1978031274204472,0.18345323741007194,0.8360655737704918
0.19848660734772428,0.1835265893642543,0.8360655737704918
0.19876327435355004,0.18374699759807847,0.8360655737704918
0.19876421659084562,0.18404170008019247,0.8360655737704918
0.1992577786982828,0.18411552346570398,0.8360655737704918
0.19925979560453697,0.18418940609951845,0.8360655737704918
0.19926454619801362,0.18455971049457176,0.8360655737704918
0.19959349275624108,0.1847082494969819,0.8360655737704918
0.20013603450230333,0.18412570507655115,0.8324225865209471
0.20020116838124843,0.1841999193873438,0.8324225865209471
0.20021699245813274,0.1842741935483871,0.8324225865209471
0.20042368108822164,0.1844229217110573,0.8324225865209471
0.20066793465751365,0.18409366168752522,0.8306010928961749
0.20073888945505602,0.1841680129240711,0.8306010928961749
0.20110285070908407,0.18424242424242424,0.8306010928961749
0.2011646497204423,0.18431689571544058,0.8306010928961749
0.20156330375002543,0.18439142741609382,0.8306010928961749
0.2016607001107208,0.18446601941747573,0.8306010928961749
0.20172078818129627,0.18454067179279643,0.8306010928961749
0.20172505866423662,0.18461538461538463,0.8306010928961749
0.20172632873384466,0.18428513568246255,0.8287795992714025
0.20190350011410008,0.18435980551053485,0.8287795992714025
0.20192642378156248,0.1845841784989858,0.8287795992714025
0.2024070518453288,0.1847340641494113,0.8287795992714025
0.20250856264010142,0.18495934959349594,0.8287795992714025
0.2025124671048486,0.18510984540276648,0.8287795992714025
0.20270096277470873,0.18518518518518517,0.8287795992714025
0.20273622998267973,0.18526058631921824,0.8287795992714025
0.20279048061696797,0.18533604887983707,0.8287795992714025
0.2029075370200157,0.18541157294213528,0.8287795992714025
0.20306357311402726,0.185487158581329,0.8287795992714025
0.2032596896475905,0.18571428571428572,0.8287795992714025
0.20346274444309378,0.18579011841567986,0.8287795992714025
0.203513792814373,0.18586601307189543,0.8287795992714025
0.20357872946550987,0.18594196975888844,0.8287795992714025
0.20358444729991795,0.18601798855273916,0.8287795992714025
0.20393546544869656,0.18624641833810887,0.8287795992714025
0.20427261175873523,0.1863226863226863,0.8287795992714025
0.20432574839424353,0.18598934862761163,0.8269581056466302
0.20459016405436334,0.18621821164889255,0.8269581056466302
0.20476088584085728,0.18629462453836684,0.8269581056466302
0.20505257388442943,0.1863711001642036,0.8269581056466302
0.20522456811426745,0.18603696098562628,0.825136612021858
0.20529838660358837,0.18611339359079704,0.825136612021858
0.20534962146116859,0.18618988902589395,0.825136612021858
0.20549596341691465,0.1860082304526749,0.8233151183970856
0.20563601040126328,0.18608480856319473,0.8233151183970856
0.20571303732426482,0.1863149216817807,0.8233151183970856
0.20593141731860504,0.18639175257731957,0.8233151183970856
0.2059506477169646,0.18646864686468648,0.8233151183970856
0.20612539826957568,0.18613289310771772,0.8214936247723132
0.20627767675497258,0.18713692946058091,0.8214936247723132
0.20662461815397523,0.18687707641196014,0.819672131147541
0.20706536369648157,0.18695471541337766,0.819672131147541
0.20708493133733305,0.18703241895261846,0.819672131147541
0.20732592319126897,0.18718801996672213,0.819672131147541
0.20748908134026264,0.18692756036636138,0.8178506375227687
0.20806910502241122,0.18658892128279883,0.8160291438979964
0.20807822854437386,0.18674447686536055,0.8160291438979964
0.2081384948020933,0.18682235195996663,0.8160291438979964
0.20839626899833436,0.1871345029239766,0.8160291438979964
0.20842978002613685,0.18729096989966554,0.8160291438979964
0.20853356287777214,0.18736930154746967,0.8160291438979964
0.20908209469336436,0.187683284457478,0.8160291438979964
0.2103238034759867,0.18776194467728416,0.8160291438979964
0.21052409602172603,0.18742138364779873,0.8142076502732241
0.21086516938189034,0.18708053691275167,0.8123861566484517
0.21090456570615593,0.1867394041124633,0.8105646630236795
0.2110245419620559,0.18686868686868688,0.8087431693989071
0.21104788050477263,0.18702611625947768,0.8087431693989071
0.21109744580964293,0.18710493046776233,0.8087431693989071
0.2114012273990675,0.18726275832981865,0.8087431693989071
0.21152283763184165,0.18691983122362868,0.8069216757741348
0.21154962036728597,0.1869987336428873,0.8069216757741348
0.2117593277030631,0.18707770270270271,0.8069216757741348
0.21198165992657442,0.18715673848753697,0.8069216757741348
0.21248327489986005,0.18731501057082453,0.8069216757741348
0.21250887386168898,0.18739424703891708,0.8069216757741348
0.21308516378466644,0.18747355057130766,0.8069216757741348
0.2133622543705559,0.18755292125317527,0.8069216757741348
0.2134586167193403,0.18763235916984328,0.8069216757741348
0.21377103487200289,0.18771186440677967,0.8069216757741348
0.21380052857623377,0.18779143704959728,0.8069216757741348
0.2138520036730748,0.1878710771840543,0.8069216757741348
0.213891816504525,0.18803056027164686,0.8069216757741348
0.21393743797035086,0.18768577494692146,0.8051001821493625
0.21405934323894063,0.18776550552251486,0.8051001821493625
0.2143762214515691,0.1874203144921377,0.8032786885245902
0.2143839826124324,0.1870748299319728,0.8014571948998178
0.21441113526260783,0.18715440238196512,0.8014571948998178
0.21454892607837792,0.18723404255319148,0.8014571948998178
0.21477232172114655,0.18747337025990626,0.8014571948998178
0.21479721758045064,0.18712702472293266,0.7996357012750456
0.2149045193639935,0.18720682302771854,0.7996357012750456
0.21497374563948857,0.18728668941979523,0.7996357012750456
0.2151204484172228,0.1873666239863423,0.7996357012750456
0.21558464715612677,0.1876068376068376,0.7996357012750456
0.21582464602484797,0.1876870457460453,0.7996357012750456
0.21612156024045007,0.18776732249786143,0.7996357012750456
0.21625273988153865,0.1878476679503637,0.7996357012750456
0.21661461807568855,0.1879280821917808,0.7996357012750456
0.21694968705054682,0.1880085653104925,0.7996357012750456
0.21758571186094125,0.1881697385340763,0.7996357012750456
0.21775783200591883,0.18825042881646656,0.7996357012750456
0.21788603850233793,0.1887117621714778,0.7978142076502732
0.21799299839708416,0.18879310344827585,0.7978142076502732
0.21853019909717403,0.1888745148771022,0.7978142076502732
0.21853774925937283,0.18895599654874892,0.7978142076502732
0.21882163790254666,0.18868739205526772,0.7959927140255009
0.2189413227024364,0.18849978383052313,0.7941712204007286
0.21896991571283395,0.18831168831168832,0.7923497267759563
0.21921688071712633,0.18839324382849718,0.7923497267759563
0.21979743655223552,0.18847487001733101,0.7923497267759563
0.2207166732834283,0.18855656697009102,0.7923497267759563
0.2207314165322778,0.18872017353579176,0.7923497267759563
0.2208982746254363,0.18880208333333334,0.7923497267759563
0.22091995152906033,0.18888406426400348,0.7923497267759563
0.22129895359739338,0.1889661164205039,0.7923497267759563
0.22131341137884017,0.18904823989569752,0.7923497267759563
0.22142073089031006,0.1891304347826087,0.7923497267759563
0.22142096536990033,0.1888598781549173,0.7905282331511839
0.22144328660399343,0.1889420983892033,0.7905282331511839
0.221578389006988,0.18933100131176214,0.7887067395264117
0.22250716397696058,0.189413823272091,0.7887067395264117
0.22296249653139275,0.18949671772428883,0.7887067395264117
0.22339517198290493,0.18957968476357268,0.7887067395264117
0.22358779017506472,0.18922470433639949,0.7868852459016393
0.2236212094489253,0.18930762489044697,0.7868852459016393
0.22377250142986754,0.18895221394125383,0.785063752276867
0.22389295571735018,0.18903508771929825,0.785063752276867
0.223974264780904,0.18911803422553752,0.785063752276867
0.22411698650400982,0.1887620719929763,0.7832422586520947
0.22411793864834315,0.18892794376098418,0.7832422586520947
0.22420379702445076,0.18857142857142858,0.7814207650273224
0.2245521101553458,0.18865435356200527,0.7814207650273224
0.22493834367481444,0.18829740431148262,0.7795992714025501
0.22522255594808338,0.18838028169014084,0.7795992714025501
0.2252828622161853,0.18846323205636284,0.7795992714025501
0.22539046997620726,0.18854625550660792,0.7795992714025501
0.22621717973954716,0.1881886293521375,0.7777777777777778
0.2262405570888896,0.1882716049382716,0.7777777777777778
0.22699160990845788,0.18835465372739302,0.7777777777777778
0.22700883674193179,0.1884377758164166,0.7777777777777778
0.22704410203340378,0.18902169101372288,0.7777777777777778
0.22845485162982304,0.18910540301151463,0.7777777777777778
0.22852641857877776,0.1891891891891892,0.7777777777777778
0.22921069294110377,0.1893569844789357,0.7777777777777778
0.22943333835076643,0.18899733806566105,0.7759562841530054
0.22953927941124827,0.18908122503328895,0.7759562841530054
0.22954497224195378,0.1891651865008881,0.7759562841530054
0.2295827764394538,0.18924922256774768,0.7759562841530054
0.22965383981812926,0.18933333333333333,0.7759562841530054
0.22972304569667376,0.1889728768341485,0.7741347905282332
0.22992261873985945,0.18914107699154428,0.7741347905282332
0.2300342765195281,0.1892252894033838,0.7741347905282332
0.2301803438252505,0.1888641425389755,0.7723132969034608
0.23045532762561574,0.1889483065953654,0.7723132969034608
0.23047514226433422,0.18903254569772626,0.7723132969034608
0.2308205750076237,0.18911685994647637,0.7723132969034608
0.23082567151827807,0.1892012494422133,0.7723132969034608
0.2316586717645146,0.18928571428571428,0.7723132969034608
0.23170398098367434,0.18945487042001788,0.7723132969034608
0.2317795417125408,0.18970917225950784,0.7723132969034608
0.23194062038373953,0.18987908643081056,0.7723132969034608
0.23221130317585448,0.18996415770609318,0.7723132969034608
0.2325000962187802,0.18960107575078441,0.7704918032786885
0.2325265216485577,0.1896860986547085,0.7704918032786885
0.23252873541052882,0.18932256617317184,0.7686703096539163
0.2326755212030949,0.18904355635383924,0.7668488160291439
0.23278555247919078,0.18912848158131176,0.7668488160291439
0.23311941374319303,0.18921348314606742,0.7668488160291439
0.23328832802859503,0.18929856115107913,0.7668488160291439
0.23334999931001,0.18938371569950518,0.7668488160291439
0.23369862830126967,0.18946894689468946,0.7668488160291439
0.23380423254223995,0.18910400720396217,0.7650273224043715
0.23396762345231495,0.1891891891891892,0.7650273224043715
0.23402795878980504,0.1892744479495268,0.7650273224043715
0.2344086263788605,0.18935978358881875,0.7650273224043715
0.23443200364951308,0.18944519621109607,0.7650273224043715
0.23445214801852582,0.18953068592057762,0.7650273224043715
0.23446787453171056,0.18961625282167044,0.7650273224043715
0.23448624847526195,0.189873417721519,0.7650273224043715
0.23453028114772315,0.18995929443690637,0.7650273224043715
0.23502540582994896,0.19004524886877827,0.7650273224043715
0.23503092954246843,0.19013128112267993,0.7650273224043715
0.2351246770854609,0.19021739130434784,0.7650273224043715
0.23513062840661916,0.1898504757589488,0.7632058287795993
0.23535997134830608,0.1899365367180417,0.7632058287795993
0.23558722645083047,0.19002267573696144,0.7632058287795993
0.23587696382629256,0.19019518837948252,0.7632058287795993
0.23639142427971127,0.19028156221616713,0.7632058287795993
0.2365291916334711,0.1899136756019991,0.761384335154827
0.236645454773744,0.19,0.761384335154827
0.23793581797986169,0.19017288444040037,0.761384335154827
0.23796503022684456,0.1902594446973145,0.761384335154827
0.23801008931870077,0.19034608378870674,0.761384335154827
0.23833632439017738,0.19043280182232347,0.761384335154827
0.23841295338242793,0.19006381039197812,0.7595628415300546
0.23850352775113492,0.19015047879616964,0.7595628415300546
0.23886857264739206,0.19023722627737227,0.7595628415300546
0.23905558584113842,0.18995433789954339,0.7577413479052824
0.23930300846199604,0.19004111466423024,0.7577413479052824
0.23931269110163736,0.19012797074954296,0.7577413479052824
0.23934695594592928,0.19021490626428897,0.7577413479052824
0.23936337716972833,0.19030192131747484,0.7577413479052824
0.23964761182413316,0.19038901601830663,0.7577413479052824
0.2397247576130446,0.19047619047619047,0.7577413479052824
0.23991618008428464,0.19010535959688502,0.75591985428051
0.2402069016920176,0.19036697247706422,0.75591985428051
0.24133893777419507,0.19089236430542778,0.75591985428051
0.24137258123077943,0.19098021168890933,0.75591985428051
0.24149773849968578,0.1910681399631676,0.75591985428051
0.2426934322335122,0.1911561492399816,0.75591985428051
0.24280342331983742,0.1912442396313364,0.75591985428051
0.24290789429474377,0.19095940959409594,0.7540983606557377
0.24306801669500988,0.19104753114905398,0.7540983606557377
0.24342942851952534,0.19113573407202217,0.7540983606557377
0.24381908697138494,0.19122401847575057,0.7540983606557377
0.24405725574824197,0.1913123844731978,0.7540983606557377
0.2444825794770018,0.1914008321775312,0.7540983606557377
0.24518275511783338,0.19148936170212766,0.7540983606557377
0.24544578597312125,0.19157797316057382,0.7540983606557377
0.24545079926850225,0.19166666666666668,0.7540983606557377
0.24592191045427977,0.19184430027803523,0.7540983606557377
0.24607287528934058,0.19193324061196107,0.7540983606557377
0.24608199304408923,0.19202226345083487,0.7540983606557377
0.24620891720731053,0.19220055710306408,0.7540983606557377
0.246341092642229,0.19228982814677195,0.7540983606557377
0.24648821771906887,0.19237918215613384,0.7540983606557377
0.2466270678692481,0.19246861924686193,0.7540983606557377
0.24713581657916336,0.19264774313634248,0.7540983606557377
0.2476831970990389,0.19273743016759776,0.7540983606557377
0.24769202828242157,0.19282720074522589,0.7540983606557377
0.24781462666415288,0.1929170549860205,0.7540983606557377
0.2478375121452981,0.193006993006993,0.7540983606557377
0.24792966883384332,0.19309701492537312,0.7540983606557377
0.2481682211346558,0.19318712085860942,0.7540983606557377
0.24844960357600623,0.19327731092436976,0.7540983606557377
0.24900768108220214,0.1933675852405418,0.7540983606557377
0.24918690778187214,0.19345794392523363,0.7540983606557377
0.24946544923922237,0.1931711880261927,0.7522768670309654
0.24978366155692602,0.19344262295081968,0.7522768670309654
0.24987091702441494,0.19315518049695266,0.7504553734061931
0.25019594210398044,0.19324577861163228,0.7504553734061931
0.25078828400965797,0.19333646175504457,0.7504553734061931
0.25081320217839165,0.19295774647887323,0.7486338797814208
0.2508739540327754,0.19304837952090184,0.7486338797814208
0.2515615650965405,0.19266917293233082,0.7468123861566485
0.25163261573444096,0.1927597555242125,0.7468123861566485
0.2517168687813225,0.1931229392369289,0.7468123861566485
0.25232548302681074,0.19274269557021678,0.7449908925318761
0.2530322416757069,0.19283356907119284,0.7449908925318761
0.25310292588180267,0.19301557338367153,0.7449908925318761
0.2533045284069247,0.1931067044381492,0.7449908925318761
0.25401860715509744,0.19319792158715163,0.7449908925318761
0.2541116570603004,0.19328922495274103,0.7449908925318761
0.2542986934916936,0.19290780141843972,0.7431693989071039
0.254462275088371,0.19299905392620625,0.7431693989071039
0.25470839506920323,0.19309039280643633,0.7431693989071039
0.25506880301860574,0.19327333017527237,0.7431693989071039
0.2555251744523214,0.1928909952606635,0.7413479052823315
0.2555609763951639,0.19298245614035087,0.7413479052823315
0.25556929064567074,0.19307400379506642,0.7413479052823315
0.2557558703222099,0.1931656383483626,0.7413479052823315
0.2560210591803893,0.1932573599240266,0.7413479052823315
0.2562777696820598,0.19334916864608076,0.7413479052823315
0.2564257998522378,0.19344106463878327,0.7413479052823315
0.25664758305886104,0.19353304802662863,0.7413479052823315
0.2568685974298435,0.19362511893434825,0.7413479052823315
0.25693999351749935,0.193717277486911,0.7413479052823315
0.256997330639103,0.19380952380952382,0.7413479052823315
0.25703822762273326,0.1939018580276322,0.7413479052823315
0.25719212041627915,0.19399428026692087,0.7413479052823315
0.25754231649772824,0.19408679065331425,0.7413479052823315
0.257725526190255,0.1941793893129771,0.7413479052823315
0.2577687216697826,0.19427207637231503,0.7413479052823315
0.2577883243790035,0.19436485195797518,0.7413479052823315
0.2585232605149471,0.19445771619684663,0.7413479052823315
0.2587768223187613,0.19455066921606118,0.7413479052823315
0.2587808201112343,0.19464371114299378,0.7413479052823315
0.2590038621396919,0.19425837320574163,0.7395264116575592
0.2594551776756677,0.1938726663475347,0.7377049180327869
0.26023494444577616,0.1939655172413793,0.7377049180327869
0.26062748418212317,0.19405845711547676,0.7377049180327869
0.26134458247266534,0.1941514860977948,0.7377049180327869
0.26162914787613295,0.19424460431654678,0.7377049180327869
0.26165683805954026,0.19395103216514642,0.7358834244080146
0.2616681504266337,0.1935638808837656,0.7340619307832422
0.26204229266379203,0.19365689572321,0.7340619307832422
0.2620854348822068,0.19326923076923078,0.73224043715847
0.2623419726788933,0.19345524542829645,0.73224043715847
0.2623459669957499,0.1936416184971098,0.73224043715847
0.262406029294456,0.19373493975903613,0.73224043715847
0.26262282144008303,0.19382835101253615,0.73224043715847
0.26292926917476206,0.1939218523878437,0.73224043715847
0.2631096431342011,0.19401544401544402,0.73224043715847
0.2634380980759377,0.19410912602607436,0.73224043715847
0.26373283200726944,0.19420289855072465,0.73224043715847
0.26443718860375165,0.19429676172063798,0.73224043715847
0.2644430552421289,0.19439071566731142,0.73224043715847
0.26463618149222623,0.19409486931268152,0.7304189435336976
0.2647657375405912,0.19418886198547217,0.7304189435336976
0.2659565273137135,0.19428294573643412,0.7304189435336976
0.26612169683771053,0.1943771206980126,0.7304189435336976
0.2662525512077036,0.1944713870029098,0.7304189435336976
0.26642641989739696,0.1945657447840854,0.7304189435336976
0.26652559972080925,0.19466019417475727,0.7304189435336976
0.2665603098540129,0.19475473530840215,0.7304189435336976
0.2667086669172614,0.19484936831875607,0.7304189435336976
0.2670230971610878,0.19494409333981527,0.7304189435336976
0.2671813307374494,0.19503891050583658,0.7304189435336976
0.26728651007526877,0.1951338199513382,0.7304189435336976
0.2684559473666633,0.1952288218111003,0.7304189435336976
0.26878063579404404,0.19532391622016562,0.7304189435336976
0.26957570655391516,0.19560975609756098,0.7304189435336976
0.26968663361475287,0.19570522205954125,0.7304189435336976
0.2701099274682865,0.19580078125,0.7304189435336976
0.27059822925423965,0.19589643380556912,0.7304189435336976
0.27125867634834827,0.1959921798631476,0.7304189435336976
0.27131085282207335,0.1960880195599022,0.7304189435336976
0.27221974906052343,0.1961839530332681,0.7304189435336976
0.27231362668071424,0.19627998042094957,0.7304189435336976
0.27247181018944344,0.19637610186092067,0.7304189435336976
0.2725482492142675,0.19647231749142577,0.7304189435336976
0.27308163943616526,0.1965686274509804,0.7304189435336976
0.27310657731532384,0.19666503187837175,0.7304189435336976
0.2731481355816474,0.19676153091265947,0.7304189435336976
0.27371306978899146,0.19685812469317623,0.7304189435336976
0.2739802839556981,0.1969548133595285,0.7304189435336976
0.27398943488893596,0.19656019656019655,0.7285974499089253
0.27407124199773486,0.19665683382497542,0.7285974499089253
0.2745246871285998,0.19675356615838663,0.7285974499089253
0.2751326762055128,0.1968503937007874,0.7285974499089253
0.27516664179574024,0.19694731659281142,0.7285974499089253
0.2759002517468886,0.19704433497536947,0.7285974499089253
0.27629665617939053,0.19664859536717594,0.726775956284153
0.27636074556621965,0.19674556213017752,0.726775956284153
0.276921830048366,0.19634928465712875,0.7249544626593807
0.27733461852959884,0.19654320987654322,0.7249544626593807
0.2773958842234441,0.19683481701285854,0.7249544626593807
0.2782705207319509,0.19643740722414646,0.7231329690346083
0.27847753982618095,0.19653465346534654,0.7231329690346083
0.27870471007269326,0.19672943508424182,0.7231329690346083
0.27883978731283615,0.1968269707486366,0.7231329690346083
0.27887107833051555,0.19692460317460317,0.7231329690346083
0.2789331224226709,0.19702233250620346,0.7231329690346083
0.278967984356635,0.1971201588877855,0.7231329690346083
0.279402055036823,0.19731610337972166,0.7231329690346083
0.2795067025894687,0.19741422178020884,0.7231329690346083
0.2799898979836206,0.19751243781094527,0.7231329690346083
0.28006773554626474,0.19761075161772026,0.7231329690346083
0.28033132185088705,0.19770916334661354,0.7231329690346083
0.2805476202958467,0.19780767314399603,0.7231329690346083
0.2808790770549168,0.19790628115653042,0.7231329690346083
0.2810932504607909,0.19800498753117207,0.7231329690346083
0.28125707314041104,0.19810379241516965,0.7231329690346083
0.28131113569390653,0.1982026959560659,0.7231329690346083
0.2813907140486274,0.1983016983016983,0.7231329690346083
0.2814240105204521,0.1984007996001999,0.7231329690346083
0.2814435156541382,0.1985,0.7231329690346083
0.28157552850717904,0.19809904952476237,0.7213114754098361
0.28209194139688487,0.1981981981981982,0.7213114754098361
0.2822556056273793,0.19829744616925388,0.7213114754098361
0.28225944917869566,0.19839679358717435,0.7213114754098361
0.2822724879193661,0.19849624060150375,0.7213114754098361
0.2824980790289943,0.19859578736208625,0.7213114754098361
0.28250269648541515,0.19869543401906672,0.7213114754098361
0.28288396291908213,0.19879518072289157,0.7213114754098361
0.28334306106437795,0.19889502762430938,0.7213114754098361
0.28334933613908136,0.19899497487437187,0.7213114754098361
0.28340474446902747,0.1981891348088531,0.7176684881602914
0.2835184083238076,0.19828887770508305,0.7176684881602914
0.28378744972975334,0.19838872104733132,0.7176684881602914
0.28391772144932226,0.19848866498740556,0.7176684881602914
0.2842897095123309,0.19858870967741934,0.7176684881602914
0.28436919424126417,0.19868885526979324,0.7176684881602914
0.28460551071164747,0.1987891019172553,0.7176684881602914
0.2853949199306011,0.198889449772842,0.7176684881602914
0.28539728557741023,0.198989898989899,0.7176684881602914
0.28543739453514166,0.19909044972208187,0.7176684881602914
0.285746348170527,0.19919110212335692,0.7176684881602914
0.2858449210158076,0.1989873417721519,0.7158469945355191
0.28636627768498113,0.19908814589665655,0.7158469945355191
0.2867057343322349,0.19918905220476432,0.7158469945355191
0.2869283715316731,0.19929006085192696,0.7158469945355191
0.2869960954185339,0.1993911719939117,0.7158469945355191
0.28736077509876196,0.19898477157360406,0.7140255009107468
0.2876983390598336,0.19908583037074656,0.7140255009107468
0.28811528349365806,0.1991869918699187,0.7140255009107468
0.288141078428372,0.19877986781901372,0.7122040072859745
0.28821521859027793,0.19888097660223805,0.7122040072859745
0.2882804432069517,0.1989821882951654,0.7122040072859745
0.2885770991596055,0.1990835030549898,0.7122040072859745
0.2887086905527118,0.19918492103922567,0.7122040072859745
0.28876368348084613,0.19928644240570845,0.7122040072859745
0.2896281691744428,0.19938806731259562,0.7122040072859745
0.28981194408600514,0.19948979591836735,0.7122040072859745
0.2900460963039324,0.19959162838182745,0.7122040072859745
0.29019579762869135,0.19969356486210418,0.7122040072859745
0.2905299441267102,0.199795605518651,0.7122040072859745
0.2906104016916647,0.19959058341862845,0.7103825136612022
0.2907905036137379,0.1998974884674526,0.7103825136612022
0.29109385828360423,0.2,0.7103825136612022
0.2914004275938803,0.20010261672652643,0.7103825136612022
0.29142417736829646,0.19969199178644764,0.7085610200364298
0.29144643537079307,0.1997945557267591,0.7085610200364298
0.29191146323045347,0.1998972250770812,0.7085610200364298
0.292106578941711,0.2,0.7085610200364298
0.29250842986750586,0.19958847736625515,0.7067395264116576
0.2932113333933331,0.19917653113741637,0.7049180327868853
0.2942638239370877,0.19927909371781669,0.7049180327868853
0.294282137810443,0.19938176197836166,0.7049180327868853
0.29437917190239943,0.19948453608247424,0.7049180327868853
0.2945115066843767,0.1996904024767802,0.7049180327868853
0.2946212673301765,0.1997934950955085,0.7049180327868853
0.29467797750483926,0.19989669421487602,0.7049180327868853
0.2947731197695494,0.20020693222969477,0.7049180327868853
0.29478476773618195,0.20031055900621117,0.7049180327868853
0.29507225150959265,0.19989642672190575,0.7030965391621129
0.29508019827443466,0.19958527734577503,0.7012750455373407
0.2952994025852715,0.19968879668049794,0.7012750455373407
0.29539961646955126,0.19979242345614945,0.7012750455373407
0.29571629315991077,0.19989615784008308,0.7012750455373407
0.2957675489324358,0.2,0.7012750455373407
0.29586902707102064,0.2001039501039501,0.7012750455373407
0.29651016191325735,0.2002080083203328,0.7012750455373407
0.296711740928879,0.20031217481789804,0.7012750455373407
0.297448841873515,0.20041644976574702,0.7012750455373407
0.2977109408805243,0.20093945720250522,0.7012750455373407
0.2978505828361835,0.2010443864229765,0.7012750455373407
0.2981428457552138,0.20114942528735633,0.7012750455373407
0.29905267303102967,0.20125457396759017,0.7012750455373407
0.2990744020735621,0.20135983263598325,0.7012750455373407
0.2991030724369642,0.20146520146520147,0.7012750455373407
0.2995748788527836,0.20157068062827224,0.7012750455373407
0.2997189500880846,0.20167627029858565,0.7012750455373407
0.2999440122128704,0.20188778185631884,0.7012750455373407
0.3005263347129166,0.20199370409233997,0.7012750455373407
0.30086364941000904,0.2020997375328084,0.7012750455373407
0.30114869990153575,0.2023121387283237,0.7012750455373407
0.3013320854762165,0.2024185068349106,0.7012750455373407
0.3015391912666093,0.20252498684902684,0.7012750455373407
0.3018048230888269,0.2026315789473684,0.7012750455373407
0.30186928318346146,0.2027382833070037,0.7012750455373407
0.30211971106025354,0.20284510010537407,0.7012750455373407
0.30236259816248584,0.20327349524815205,0.7012750455373407
0.30349549614998605,0.20338087691494983,0.7012750455373407
0.30369562015709234,0.20348837209302326,0.7012750455373407
0.30391787825184724,0.20359598096245374,0.7012750455373407
0.3040706822380165,0.2037037037037037,0.7012750455373407
0.3041387045520185,0.2038115404976178,0.7012750455373407
0.30452136883961456,0.20391949152542374,0.7012750455373407
0.3049436343902743,0.20402755696873343,0.7012750455373407
0.30556610006630996,0.20413573700954402,0.7012750455373407
0.3056592618382279,0.20371352785145888,0.6994535519125683
0.30571193227084864,0.20382165605095542,0.6994535519125683
0.3057753763837178,0.20392989909718534,0.6994535519125683
0.306027446542161,0.20403825717321997,0.6994535519125683
0.30623305988102123,0.20425531914893616,0.6994535519125683
0.30686388122814057,0.204364023416711,0.6994535519125683
0.3070257173857289,0.20447284345047922,0.6994535519125683
0.3070455389872139,0.20458177943526903,0.6994535519125683
0.3071957165011426,0.2048,0.6994535519125683
0.3072642822552714,0.20501868659903896,0.6994535519125683
0.30820614256421713,0.20512820512820512,0.6994535519125683
0.3084620206486792,0.20523784072688403,0.6994535519125683
0.3091606211071124,0.20481283422459892,0.697632058287796
0.3092652171160201,0.20492241840556447,0.697632058287796
0.30934694327890894,0.2044967880085653,0.6958105646630237
0.30962534593516405,0.20460632029994644,0.6958105646630237
0.3098105709425205,0.20471596998928188,0.6958105646630237
0.3098141083746284,0.20482573726541556,0.6958105646630237
0.31007316137524177,0.20493562231759657,0.6958105646630237
0.31024345464050285,0.2050456253354804,0.6958105646630237
0.31026769194909015,0.2046186895810956,0.6939890710382514
0.3104072245130549,0.20472864051585168,0.6939890710382514
0.31048366794770016,0.20561252023745277,0.6939890710382514
0.31074855501981136,0.20572354211663066,0.6939890710382514
0.3109129763883653,0.20583468395461912,0.6939890710382514
0.31091719268217766,0.20594594594594595,0.6939890710382514
0.31104687222712907,0.20605732828555975,0.6939890710382514
0.3112973241275208,0.20562770562770563,0.692167577413479
0.31142209215736083,0.20573903627504062,0.692167577413479
0.3114840000867607,0.20585048754062837,0.692167577413479
0.3121240813415061,0.20596205962059622,0.692167577413479
0.31233207814969827,0.20607375271149675,0.692167577413479
0.31240258453031644,0.20618556701030927,0.692167577413479
0.31248246792688056,0.20629750271444083,0.692167577413479
0.3127124609331697,0.20586637696903856,0.6903460837887068
0.3131528328643393,0.20597826086956522,0.6903460837887068
0.31410150227179123,0.20609026644915715,0.6903460837887068
0.31449105123625154,0.20620239390642003,0.6903460837887068
0.3147139210001973,0.20631464344039194,0.6903460837887068
0.31476884898703233,0.20642701525054466,0.6903460837887068
0.3148234920259935,0.20653950953678474,0.6903460837887068
0.3150669000884895,0.20665212649945475,0.6903460837887068
0.31525479205396534,0.2067648663393344,0.6903460837887068
0.31561517852603,0.20687772925764192,0.6903460837887068
0.31639484934671763,0.2064445658110322,0.6885245901639344
0.31667703778056977,0.20655737704918034,0.6885245901639344
0.31672000008726453,0.20689655172413793,0.6885245901639344
0.3167269199546944,0.20700985761226726,0.6885245901639344
0.31708139427987037,0.20712328767123286,0.6885245901639344
0.3170864597156225,0.20735052111903457,0.6885245901639344
0.31724028449453706,0.2074643249176729,0.6885245901639344
0.31755102873271135,0.2076923076923077,0.6885245901639344
0.3176881318342051,0.20780648708081365,0.6885245901639344
0.3178521177854244,0.2079207920792079,0.6885245901639344
0.3178546221919164,0.20803522289488166,0.6885245901639344
0.31817467585264936,0.20814977973568283,0.6885245901639344
0.3181806772414041,0.20794263651406508,0.6867030965391621
0.31847344883809087,0.20805739514348787,0.6867030965391621
0.319024310837178,0.20817228050800662,0.6867030965391621
0.31950841692610393,0.20828729281767955,0.6867030965391621
0.32013767226149314,0.2084024322830293,0.6867030965391621
0.32074284133721476,0.2087486157253599,0.6867030965391621
0.32077718982625725,0.20886426592797783,0.6867030965391621
0.3209456518535956,0.20842572062084258,0.6848816029143898
0.320958900345717,0.20854132002218526,0.6848816029143898
0.32176650859042966,0.20865704772475027,0.6848816029143898
0.321846426447104,0.2087729039422543,0.6848816029143898
0.32227436586433017,0.20833333333333334,0.6830601092896175
0.32238024370214496,0.2084491384102279,0.6830601092896175
0.3224571773064316,0.20856507230255839,0.6830601092896175
0.32276647578744755,0.20868113522537562,0.6830601092896175
0.3229374554068656,0.20879732739420936,0.6830601092896175
0.32366977459142626,0.20891364902506965,0.6830601092896175
0.32386024687976167,0.2085889570552147,0.6812386156648452
0.3239584431819892,0.20870535714285715,0.6812386156648452
0.32404813313079434,0.208821887213847,0.6812386156648452
0.3243269063508208,0.20837988826815643,0.6794171220400729
0.3245640226591274,0.20793739519284515,0.6775956284153005
0.3245839394269053,0.2080536912751678,0.6775956284153005
0.3246920533919927,0.2081701175153889,0.6775956284153005
0.32513653946745014,0.20828667413213886,0.6775956284153005
0.3253251389086011,0.20784313725490197,0.6757741347905283
0.3258451001268917,0.20739910313901344,0.6739526411657559
0.32589244900147457,0.20751542344363433,0.6739526411657559
0.32606245638710296,0.20763187429854096,0.6739526411657559
0.32612008644569956,0.20774845592363841,0.6739526411657559
0.32656517459078327,0.20786516853932585,0.6739526411657559
0.3266996236160859,0.20741989881956155,0.6721311475409836
0.32672671273240445,0.2076533483398987,0.6721311475409836
0.3268322886141226,0.20788732394366197,0.6721311475409836
0.3268887168419701,0.2080045095828636,0.6721311475409836
0.327032913963242,0.20812182741116753,0.6721311475409836
0.32707043370905337,0.20835686053077357,0.6721311475409836
0.3273516748595583,0.20847457627118643,0.6721311475409836
0.3274729304170891,0.20859242509892595,0.6721311475409836
0.3275841166449739,0.2081447963800905,0.6703096539162113
0.32761337287634107,0.2082625919637804,0.6703096539162113
0.3279584604123574,0.20838052095130238,0.6703096539162113
0.32800725216022786,0.2084985835694051,0.6703096539162113
0.3285776894117209,0.20873511060692002,0.6703096539162113
0.3290063156384026,0.20909090909090908,0.6703096539162113
0.3293787253763134,0.2092097782831154,0.6703096539162113
0.32940757377371255,0.20932878270762229,0.6703096539162113
0.32951941342529867,0.20956719817767655,0.6703096539162113
0.3298281250137882,0.20968660968660968,0.6703096539162113
0.32986455454173697,0.20923603192702395,0.668488160291439
0.3303079935433487,0.20935539075869938,0.668488160291439
0.330492140350905,0.20947488584474885,0.668488160291439
0.3312372633213531,0.20959451741861793,0.668488160291439
0.3314709691272946,0.20971428571428571,0.668488160291439
0.3315239004092262,0.20926243567753003,0.6666666666666666
0.3315688078405675,0.20938215102974828,0.6666666666666666
0.33166868512919473,0.20950200343445907,0.6666666666666666
0.33167283056082764,0.20962199312714777,0.6666666666666666
0.33176376922157874,0.20916905444126074,0.6648451730418944
0.33181456928334047,0.20928899082568808,0.6648451730418944
0.3321980631759566,0.2095292766934558,0.6648451730418944
0.33247318899102124,0.20964962665134979,0.6648451730418944
0.33305655248475785,0.20977011494252873,0.6648451730418944
0.3331586426159416,0.2098907418056354,0.6648451730418944
0.33325198660261307,0.21001150747986191,0.6648451730418944
0.3332948195955605,0.2095567069660334,0.663023679417122
0.33358702928085954,0.20910138248847926,0.6612021857923497
0.3338563260612809,0.20876585928489041,0.6593806921675774
0.3338836039710482,0.2088863242931333,0.6593806921675774
0.3340558746661985,0.2090069284064665,0.6593806921675774
0.33414845484044436,0.2092485549132948,0.6593806921675774
0.3342893921140561,0.20936957779063042,0.6593806921675774
0.33447609781368054,0.20949074074074073,0.6593806921675774
0.33497648084707266,0.20961204400694847,0.6593806921675774
0.33497675221687845,0.20973348783314022,0.6593806921675774
0.33526773988880026,0.2098550724637681,0.6593806921675774
0.335346060936656,0.2099767981438515,0.6593806921675774
0.33572764377258274,0.21034282393957002,0.6593806921675774
0.3358000486378455,0.21046511627906977,0.6593806921675774
0.33580127755311934,0.21000581733566026,0.6575591985428051
0.3369834919674902,0.210128055878929,0.6575591985428051
0.337259261013271,0.21025043680838673,0.6575591985428051
0.3373548153931624,0.2097902097902098,0.6557377049180327
0.3376972322735688,0.2099125364431487,0.6557377049180327
0.3377138948373132,0.20945157526254377,0.6539162112932605
0.33775666886478,0.20957384705195564,0.6539162112932605
0.33786698161223905,0.20969626168224298,0.6539162112932605
0.3381105780894698,0.20935672514619882,0.6520947176684881
0.33815574360247974,0.20889409011117613,0.6502732240437158
0.33835755562480385,0.20901639344262296,0.6502732240437158
0.3383663779899914,0.20913884007029876,0.6502732240437158
0.3384284609708916,0.20926143024618993,0.6502732240437158
0.338944819705038,0.2093841642228739,0.6502732240437158
0.3389855310216191,0.20950704225352113,0.6502732240437158
0.33925681128136587,0.20963006459189665,0.6502732240437158
0.33957861894353686,0.2097532314923619,0.6502732240437158
0.33967669754358154,0.20987654320987653,0.6502732240437158
0.3397664620726845,0.21,0.6502732240437158
0.34009296320156596,0.21012360211889347,0.6502732240437158
0.3401180631054939,0.21024734982332155,0.6502732240437158
0.340671086867463,0.2103712433706541,0.6502732240437158
0.3406999127817404,0.21061946902654868,0.6502732240437158
0.3408162002520689,0.21074380165289255,0.6502732240437158
0.3409831766880832,0.2108682811577082,0.6502732240437158
0.340988738548502,0.21099290780141844,0.6502732240437158
0.3410238386305027,0.2111176818450621,0.6502732240437158
0.3411053784727284,0.2107756068679692,0.6484517304189436
0.34133163755938045,0.2110254890337878,0.6484517304189436
0.3414256184072863,0.2111506524317912,0.6484517304189436
0.3414721394016191,0.21127596439169138,0.6484517304189436
0.3415446810111425,0.21080760095011877,0.6466302367941712
0.3418177115024512,0.21071428571428572,0.644808743169399
0.3420315581110966,0.21024419297200714,0.6429872495446266
0.34217007971747077,0.21036948748510131,0.6429872495446266
0.34217382006518476,0.21049493142516398,0.6429872495446266
0.3424140444410929,0.2100238663484487,0.6411657559198543
0.342635196234711,0.21014925373134327,0.6411657559198543
0.3427235754586342,0.21027479091995221,0.6411657559198543
0.3427815071321953,0.21040047818290497,0.6411657559198543
0.34296283876258854,0.21052631578947367,0.6411657559198543
0.34308685719848886,0.21077844311377245,0.6411657559198543
0.34323829814822254,0.21090473337327742,0.6411657559198543
0.34326478096028656,0.21103117505995203,0.6411657559198543
0.34326777245328255,0.21115776844631073,0.6411657559198543
0.3435075075648512,0.2112845138055222,0.6411657559198543
0.3435492017227139,0.2114114114114114,0.6411657559198543
0.3436379488979814,0.21153846153846154,0.6411657559198543
0.34366876374244165,0.211665664461816,0.6411657559198543
0.34375005415857784,0.21179302045728038,0.6411657559198543
0.34380967052737027,0.2119205298013245,0.6411657559198543
0.34409092583873213,0.21204819277108433,0.6411657559198543
0.344111283639458,0.2121760096443641,0.6411657559198543
0.34447280503515554,0.21230398069963813,0.6411657559198543
0.3452253586653574,0.2124321062160531,0.6411657559198543
0.3455031456545535,0.21256038647342995,0.6411657559198543
0.3461264300421888,0.21281741233373638,0.6411657559198543
0.34667062921298436,0.21294615849969753,0.6411657559198543
0.3475066866574069,0.21307506053268765,0.6411657559198543
0.3476673126731031,0.21333333333333335,0.6411657559198543
0.3478119813282339,0.21346270466949666,0.6411657559198543
0.3478201222298261,0.21359223300970873,0.6411657559198543
0.34832143569006857,0.21311475409836064,0.639344262295082
0.34837601923083006,0.212636695018226,0.6375227686703097
0.3487077981725708,0.2127659574468085,0.6375227686703097
0.3487393605683469,0.21228710462287104,0.6357012750455373
0.3488482171716119,0.21241631162507607,0.6357012750455373
0.348966053365129,0.21254567600487212,0.6357012750455373
0.34931817184065905,0.21267519804996954,0.6357012750455373
0.3502298166633752,0.212934716290421,0.6357012750455373
0.35030983692512974,0.21306471306471306,0.6357012750455373
0.35045444395724484,0.21319486866218693,0.6357012750455373
0.35050856495263916,0.21332518337408313,0.6357012750455373
0.35075344384410556,0.21345565749235473,0.6357012750455373
0.3515847276543703,0.21358629130966952,0.6357012750455373
0.3526095397266206,0.21384803921568626,0.6357012750455373
0.35289822781414076,0.21397915389331698,0.6357012750455373
0.35298278997656124,0.21411042944785277,0.6357012750455373
0.35312771199203147,0.21424186617556784,0.6357012750455373
0.3532329537212468,0.21437346437346438,0.6357012750455373
0.35326001552276876,0.21450522433927474,0.6357012750455373
0.3537860732026836,0.21463714637146372,0.6357012750455373
0.3538395637136907,0.21476923076923077,0.6357012750455373
0.35393339861483103,0.21490147783251232,0.6357012750455373
0.35395936399751926,0.21454993834771888,0.6338797814207651
0.3539963291609239,0.2146822948797039,0.6338797814207651
0.3542357062033083,0.21481481481481482,0.6338797814207651
0.3542920713656287,0.21494749845583694,0.6338797814207651
0.35447777245718903,0.21508034610630408,0.6338797814207651
0.35467040674439543,0.21521335807050093,0.6338797814207651
0.3546865270780436,0.21534653465346534,0.6338797814207651
0.35468842983658316,0.2154798761609907,0.6338797814207651
0.3557091784755673,0.21561338289962825,0.6338797814207651
0.3557585022120796,0.2157470551766894,0.6338797814207651
0.35591328340498934,0.21588089330024815,0.6338797814207651
0.35615321669373057,0.21601489757914338,0.6338797814207651
0.35622481165597397,0.21614906832298136,0.6338797814207651
0.3563544935951142,0.21628340584213798,0.6338797814207651
0.356424185926582,0.21641791044776118,0.6338797814207651
0.35642499430773456,0.2165525824517735,0.6338797814207651
0.3567088280499593,0.21606475716064757,0.6320582877959927
0.35674461673836416,0.2161993769470405,0.6320582877959927
0.35744908616485016,0.21633416458852867,0.6320582877959927
0.3575510875118894,0.2164691203992514,0.6320582877959927
0.35910728802540515,0.21660424469413234,0.6320582877959927
0.3591528448366118,0.216875,0.6320582877959927
0.35922264188415565,0.217010631644778,0.6320582877959927
0.35944664094188394,0.21714643304130163,0.6320582877959927
0.3596438557351763,0.21665623043206012,0.6302367941712204
0.35972989198389915,0.21692789968652038,0.6302367941712204
0.35997363883415584,0.2164366373902133,0.6284153005464481
0.360182305056056,0.21657250470809794,0.6284153005464481
0.3603886851250921,0.21670854271356785,0.6284153005464481
0.3604122728242143,0.21684475172847265,0.6284153005464481
0.3605263669240744,0.2169811320754717,0.6284153005464481
0.36081462794888497,0.2171176840780365,0.6284153005464481
0.36101564882631704,0.2172544080604534,0.6284153005464481
0.36120971948697744,0.21739130434782608,0.6284153005464481
0.3613540244600317,0.21752837326607818,0.6284153005464481
0.3614357953632018,0.2178030303030303,0.6284153005464481
0.3618773943080526,0.21794061907770057,0.6284153005464481
0.3620533521102108,0.21807838179519595,0.6284153005464481
0.3620704064888019,0.21821631878557876,0.6284153005464481
0.3621475910027473,0.21849271690943636,0.6284153005464481
0.3621732642492594,0.21863117870722434,0.6284153005464481
0.36224927304608384,0.2187698161065314,0.6284153005464481
0.3625618656051442,0.21890862944162437,0.6284153005464481
0.3626558853690555,0.21904761904761905,0.6284153005464481
0.3632830978619449,0.21918678526048285,0.6284153005464481
0.3637284942568698,0.21946564885496184,0.6284153005464481
0.3641366487035437,0.2196053469127944,0.6284153005464481
0.3642093590790017,0.2197452229299363,0.6284153005464481
0.36455190596404796,0.2198852772466539,0.6284153005464481
0.36494001842079793,0.22002551020408162,0.6284153005464481
0.3649446509189291,0.22016592214422465,0.6284153005464481
0.36518008474641145,0.22030651340996169,0.6284153005464481
0.3651952998332792,0.22023047375160051,0.6265938069216758
0.3654262903710612,0.22037155669442665,0.6265938069216758
0.36593164266333245,0.21987179487179487,0.6247723132969034
0.36593686957773885,0.22001282873636946,0.6247723132969034
0.3660711482528415,0.22015404364569963,0.6247723132969034
0.3661910216640564,0.22029543994861914,0.6247723132969034
0.3663568760048346,0.22043701799485863,0.6247723132969034
0.3665496247165163,0.22057877813504823,0.6247723132969034
0.3666230946831101,0.22072072072072071,0.6247723132969034
0.3671361734731622,0.22086284610431423,0.6247723132969034
0.3672805797524957,0.22100515463917525,0.6247723132969034
0.36778259840994443,0.22114764667956158,0.6247723132969034
0.3678245137380854,0.22129032258064515,0.6247723132969034
0.367911725419936,0.22143318269851517,0.6247723132969034
0.36823196377774825,0.22171945701357465,0.6247723132969034
0.36862214600470333,0.221862871927555,0.6247723132969034
0.3686712133726651,0.22200647249190938,0.6247723132969034
0.3687016865606576,0.22215025906735753,0.6247723132969034
0.36871457566002475,0.22229423201555412,0.6247723132969034
0.36924501103167773,0.2225827384815055,0.6247723132969034
0.3693403899704023,0.22272727272727272,0.6247723132969034
0.36956375718162504,0.22287199480181935,0.6247723132969034
0.3695808202342879,0.22301690507152144,0.6247723132969034
0.3699928504880827,0.22316200390370852,0.6247723132969034
0.3709235284789899,0.22330729166666666,0.6247723132969034
0.37103073478537746,0.2234527687296417,0.6247723132969034
0.37111891955939563,0.22359843546284225,0.6247723132969034
0.3712283441692011,0.22309197651663404,0.6229508196721312
0.37133731992400293,0.22323759791122716,0.6229508196721312
0.37160970584438197,0.22338340953625083,0.6229508196721312
0.3717545991654386,0.22287581699346407,0.6211293260473588
0.3717821702633191,0.22302158273381295,0.6211293260473588
0.3718992743791773,0.2231675392670157,0.6211293260473588
0.37225709337324064,0.22346002621231978,0.6211293260473588
0.3724535064876483,0.22360655737704918,0.6211293260473588
0.3725803158747678,0.223753280839895,0.6211293260473588
0.3728106403958156,0.22419460880999342,0.6211293260473588
0.3731428801032923,0.2243421052631579,0.6211293260473588
0.3734419233307069,0.22448979591836735,0.6211293260473588
0.37350162114937063,0.2246376811594203,0.6211293260473588
0.3741422569740763,0.2247857613711272,0.6211293260473588
0.3742562804932841,0.224934036939314,0.6211293260473588
0.3744220367606383,0.22508250825082507,0.6211293260473588
0.3744464963526833,0.22538003965631195,0.6211293260473588
0.37445801427781,0.2256783587028458,0.6211293260473588
0.3745900792133008,0.2251655629139073,0.6193078324225865
0.3751044965428704,0.2253147779986746,0.6193078324225865
0.3751437528840603,0.22480106100795755,0.6174863387978142
0.37521550238862794,0.22495023224950234,0.6174863387978142
0.37538006342816316,0.2250996015936255,0.6174863387978142
0.3754551743491299,0.22524916943521595,0.6174863387978142
0.3756979527085903,0.22539893617021275,0.6174863387978142
0.37585367975644857,0.22554890219560877,0.6174863387978142
0.3758713749203063,0.22569906790945407,0.6174863387978142
0.3759991812085092,0.2251832111925383,0.6156648451730419
0.3761025792506481,0.22533333333333333,0.6156648451730419
0.37624983362285114,0.2248165443629086,0.6138433515482696
0.3766531545438931,0.22496662216288385,0.6138433515482696
0.37723134143577397,0.2252673796791444,0.6138433515482696
0.37742538915772633,0.2254180602006689,0.6138433515482696
0.3775080496023424,0.22556894243641232,0.6138433515482696
0.37767730741492983,0.2260228034875922,0.6138433515482696
0.37769897856005646,0.22617449664429531,0.6138433515482696
0.3777944613548014,0.2256548018804567,0.6120218579234973
0.37849125919031673,0.22580645161290322,0.6120218579234973
0.37879797411684574,0.22595830531271016,0.6120218579234973
0.3788487927038381,0.22611036339165544,0.6120218579234973
0.37944473132320233,0.22626262626262628,0.6120218579234973
0.37955992352910123,0.22641509433962265,0.6120218579234973
0.37957059150003825,0.2265677680377613,0.6120218579234973
0.3796215129692981,0.22672064777327935,0.6120218579234973
0.3796796976105772,0.22687373396353816,0.6120218579234973
0.3803149659962988,0.22718052738336714,0.6120218579234973
0.38034545588666274,0.22748815165876776,0.6120218579234973
0.3805360036877978,0.22779661016949151,0.6120218579234973
0.38079518931434936,0.22795115332428764,0.6120218579234973
0.3808979215300684,0.22810590631364563,0.6120218579234973
0.38105798709400956,0.22826086956521738,0.6120218579234973
0.3813818836113233,0.2284160435078178,0.6120218579234973
0.3815524731569296,0.22857142857142856,0.6120218579234973
0.381799364486371,0.22872702518720217,0.6120218579234973
0.38184174027058904,0.22903885480572597,0.6120218579234973
0.38185132001695915,0.2291950886766712,0.6120218579234973
0.38192529499434685,0.22935153583617748,0.6120218579234973
0.38214086094234934,0.22950819672131148,0.6120218579234973
0.38219360126358004,0.22966507177033493,0.6120218579234973
0.38249028090945797,0.22913816689466485,0.6102003642987249
0.3825986069803797,0.2292950034223135,0.6102003642987249
0.3829874439524997,0.22945205479452055,0.6102003642987249
0.3830793221775511,0.22960932145305005,0.6102003642987249
0.3832440037188929,0.22976680384087791,0.6102003642987249
0.38330235134376184,0.2299245024021963,0.6102003642987249
0.383303088468193,0.23008241758241757,0.6102003642987249
0.38370308233484207,0.23024054982817868,0.6102003642987249
0.3837414738949223,0.23039889958734525,0.6102003642987249
0.38388444259303495,0.23055746730901583,0.6102003642987249
0.3839773071233911,0.23071625344352617,0.6102003642987249
0.3840401037089725,0.2308752584424535,0.6102003642987249
0.384081971431675,0.23103448275862068,0.6102003642987249
0.3841598323266357,0.23119392684610077,0.6102003642987249
0.3841954478030493,0.23151347615756737,0.6102003642987249
0.3845225332499064,0.23098201936376211,0.6083788706739527
0.3847600563502893,0.23044982698961938,0.6065573770491803
0.38479587306204127,0.23060941828254847,0.6065573770491803
0.384854128644802,0.23108952116585704,0.6065573770491803
0.3852896844523847,0.23125,0.6065573770491803
0.38588206225564936,0.23157162726008346,0.6065573770491803
0.3860629947612582,0.23173277661795408,0.6065573770491803
0.38614329941829223,0.2318941504178273,0.6065573770491803
0.38622405299365503,0.23221757322175732,0.6065573770491803
0.38629614571477655,0.23237962316817865,0.6065573770491803
0.38653458504330235,0.2325418994413408,0.6065573770491803
0.3865986219924895,0.23270440251572327,0.6065573770491803
0.38719637940368584,0.23286713286713287,0.6065573770491803
0.3874800265025046,0.2323303009097271,0.604735883424408
0.38760684358944836,0.23249299719887956,0.604735883424408
0.38761840392237856,0.23265592151366504,0.604735883424408
0.3878343372663234,0.23281907433380084,0.604735883424408
0.38831270324731965,0.23298245614035087,0.604735883424408
0.38849600823656427,0.23314606741573032,0.604735883424408
0.38855280560706246,0.23347398030942335,0.604735883424408
0.38863585738090833,0.23363828289936664,0.604735883424408
0.3889298181026274,0.23380281690140844,0.604735883424408
0.3892162284171483,0.2339675828047921,0.604735883424408
0.38933206183894414,0.2335920959774171,0.6029143897996357
0.38941330744644276,0.23375706214689265,0.6029143897996357
0.38967342189336673,0.23392226148409895,0.6029143897996357
0.3896784227856571,0.2340876944837341,0.6029143897996357
0.3896864431738277,0.23441926345609065,0.6029143897996357
0.38969619287435575,0.2347517730496454,0.6029143897996357
0.38978650202223397,0.23491838183108588,0.6029143897996357
0.38985449790747934,0.23508522727272727,0.6029143897996357
0.3899743213785713,0.23525230987917556,0.6029143897996357
0.3907440157165153,0.23541963015647227,0.6029143897996357
0.39077214956437717,0.23558718861209965,0.6029143897996357
0.39101525419077554,0.23575498575498577,0.6029143897996357
0.39109200152273244,0.23521026372059872,0.6010928961748634
0.39115661259344053,0.23537803138373753,0.6010928961748634
0.3914613698404047,0.23554603854389722,0.6010928961748634
0.3916881452655534,0.2357142857142857,0.6010928961748634
0.39213500952844493,0.23588277340957828,0.6010928961748634
0.39247865980299856,0.23605150214592274,0.6010928961748634
0.3927504065394315,0.23638968481375358,0.6010928961748634
0.39293741624029416,0.23655913978494625,0.6010928961748634
0.393052497133276,0.23672883787661406,0.6010928961748634
0.39315069111475276,0.23689877961234745,0.6010928961748634
0.3933449217790241,0.23706896551724138,0.6010928961748634
0.39402490191652706,0.23741007194244604,0.6010928961748634
0.3940364855767953,0.23686105111591071,0.599271402550091
0.3942231482272482,0.23703170028818443,0.599271402550091
0.3946080468155374,0.23720259552992068,0.599271402550091
0.3949354039583169,0.23737373737373738,0.599271402550091
0.3950649174770218,0.23699421965317918,0.5974499089253188
0.3952100573608424,0.23716558206796817,0.5974499089253188
0.39525707538644606,0.23733719247467439,0.5974499089253188
0.3954886273082014,0.23750905141202028,0.5974499089253188
0.39559935663306695,0.23712835387962292,0.5956284153005464
0.39562744715609804,0.23730043541364296,0.5956284153005464
0.3961919811069985,0.23781818181818182,0.5956284153005464
0.3963183954839742,0.23799126637554585,0.5956284153005464
0.39637061386761624,0.23833819241982507,0.5956284153005464
0.39679225351203434,0.23851203501094093,0.5956284153005464
0.39716141059625415,0.23868613138686132,0.5956284153005464
0.39719808475942,0.2381300219138057,0.5938069216757741
0.39762503038854846,0.23830409356725146,0.5938069216757741
0.39790354997531674,0.23847841989758595,0.5938069216757741
0.3983290791992572,0.23882783882783884,0.5938069216757741
0.39870289051148927,0.23826979472140764,0.5919854280510018
0.3988403846870541,0.2384446074834923,0.5919854280510018
0.3989882671398872,0.23861967694566813,0.5919854280510018
0.3993224581750844,0.2387950036737693,0.5919854280510018
0.3994321317119324,0.23897058823529413,0.5919854280510018
0.40021700879341826,0.23914643119941134,0.5919854280510018
0.4003036036821703,0.23932253313696614,0.5919854280510018
0.40032054354295143,0.23949889462048637,0.5919854280510018
0.4004656283020875,0.23967551622418878,0.5919854280510018
0.40080591650648273,0.23985239852398524,0.5919854280510018
0.40113796301449944,0.23929098966026588,0.5901639344262295
0.4011766645437884,0.23964497041420119,0.5901639344262295
0.40155697101959703,0.23982235381199113,0.5901639344262295
0.4017331700497568,0.24,0.5901639344262295
0.40204536621749176,0.24017790956263899,0.5901639344262295
0.4024233608835413,0.23961424332344214,0.5883424408014571
0.4026316630759048,0.2399702823179792,0.5883424408014571
0.40281089454300995,0.24014869888475837,0.5883424408014571
0.4029975160381507,0.24032738095238096,0.5883424408014571
0.40340717637505447,0.24050632911392406,0.5883424408014571
0.40372148870281693,0.2406855439642325,0.5883424408014571
0.40387543872738113,0.24086502609992544,0.5883424408014571
0.40406592624056514,0.24029850746268658,0.5865209471766849
0.4054928396570059,0.24047796863330845,0.5865209471766849
0.405597082000863,0.2406576980568012,0.5865209471766849
0.4056009131038497,0.24083769633507854,0.5865209471766849
0.4059639869205778,0.2410179640718563,0.5865209471766849
0.4060366821471493,0.24044943820224718,0.5846994535519126
0.40683677916724115,0.24062968515742128,0.5846994535519126
0.4070693591329457,0.24081020255063765,0.5846994535519126
0.4072096472445999,0.240990990990991,0.5846994535519126
0.40768930989960284,0.24042073628850488,0.5828779599271403
0.4077238349669723,0.24078254326561324,0.5828779599271403
0.40786017368122773,0.24096385542168675,0.5828779599271403
0.4081196042394319,0.24114544084400905,0.5828779599271403
0.4083119270043565,0.24132730015082957,0.5828779599271403
0.4083758448486363,0.24169184290030213,0.5828779599271403
0.4085927823723848,0.2418745275888133,0.5828779599271403
0.4086490927729012,0.24205748865355523,0.5828779599271403
0.40877831586024516,0.24224072672218017,0.5828779599271403
0.40891804041442853,0.24242424242424243,0.5828779599271403
0.4089478421344305,0.24279210925644917,0.5828779599271403
0.4090998046895993,0.24316109422492402,0.5828779599271403
0.4092238777693016,0.24258555133079848,0.581056466302368
0.4101282420111463,0.2420091324200913,0.5792349726775956
0.41027456993044237,0.2421934501142422,0.5792349726775956
0.41040456002366266,0.2423780487804878,0.5792349726775956
0.4114098911501421,0.2418001525553013,0.5774134790528234
0.41162465205810234,0.24216959511077157,0.5774134790528234
0.41171732039478093,0.2423547400611621,0.5774134790528234
0.41181558038904553,0.24177505738332059,0.575591985428051
0.41208529958912626,0.24196018376722817,0.575591985428051
0.412407374175829,0.2413793103448276,0.5737704918032787
0.41254260535518217,0.2415644171779141,0.5737704918032787
0.41257151786694957,0.2417498081350729,0.5737704918032787
0.4136395258973668,0.24193548387096775,0.5737704918032787
0.4140912811258113,0.24212144504227517,0.5737704918032787
0.41422400499023954,0.2423076923076923,0.5737704918032787
0.41487878836321435,0.24172440338722093,0.5719489981785064
0.4149480113433278,0.24191063174114022,0.5719489981785064
0.41508714315973716,0.24228395061728394,0.5719489981785064
0.4153543272756147,0.24247104247104248,0.5719489981785064
0.4155369268180961,0.2426584234930448,0.5719489981785064
0.4156171825479651,0.242846094354215,0.5719489981785064
0.415735866636491,0.24303405572755418,0.5719489981785064
0.41582386419942236,0.24322230828814873,0.5719489981785064
0.4158482849057259,0.2434108527131783,0.5719489981785064
0.41585594856312097,0.24359968968192397,0.5719489981785064
0.4158603245022995,0.24378881987577639,0.5719489981785064
0.41595769003016786,0.24397824397824397,0.5719489981785064
0.4160043431932284,0.24339035769828926,0.5701275045537341
0.41604600194635677,0.24357976653696498,0.5701275045537341
0.4160625996756493,0.24318004676539362,0.5683060109289617
0.4165155801632979,0.24336973478939158,0.5683060109289617
0.417036992109739,0.24355971896955503,0.5683060109289617
0.41725686519168875,0.2439405785770133,0.5683060109289617
0.41738235902513027,0.24413145539906103,0.5683060109289617
0.4176289805532898,0.2445141065830721,0.5683060109289617
0.41771225140710466,0.2447058823529412,0.5683060109289617
0.4177468042516642,0.24489795918367346,0.5683060109289617
0.4179915732046238,0.24468922108575925,0.5664845173041895
0.4181571939096043,0.24507486209613868,0.5664845173041895
0.418448310226677,0.24526813880126183,0.5664845173041895
0.41856308127828773,0.24546172059984214,0.5664845173041895
0.4186078420470549,0.24486571879936808,0.5646630236794171
0.4187828236451541,0.2450592885375494,0.5646630236794171
0.41897431783528355,0.24525316455696203,0.5646630236794171
0.4191922297503215,0.2454473475851148,0.5646630236794171
0.41952680625567285,0.24564183835182252,0.5646630236794171
0.419599187871211,0.2458366375892149,0.5646630236794171
0.41963801083604274,0.24603174603174602,0.5646630236794171
0.4196456361791227,0.2454328832406672,0.5628415300546448
0.4197966130521633,0.24562798092209856,0.5628415300546448
0.42012375517405026,0.2458233890214797,0.5628415300546448
0.4202634651973802,0.24601910828025478,0.5628415300546448
0.4202836214346869,0.24621513944223108,0.5628415300546448
0.4204409552696561,0.24660814046288906,0.5628415300546448
0.42055328713582274,0.24620303756994405,0.5610200364298725
0.42062827648471446,0.2464,0.5610200364298725
0.42084423027254475,0.2467948717948718,0.5610200364298725
0.42135982161721136,0.24619085805934243,0.5591985428051002
0.42189587580948984,0.2465863453815261,0.5591985428051002
0.4229500194456647,0.24698310539018503,0.5591985428051002
0.42299711995188183,0.2471819645732689,0.5591985428051002
0.4230796459497453,0.2465753424657534,0.5573770491803278
0.4246459310315844,0.2467741935483871,0.5573770491803278
0.42508541404176986,0.24616626311541565,0.5555555555555556
0.42511216568666554,0.24636510500807754,0.5555555555555556
0.42527520267777597,0.2465642683912692,0.5555555555555556
0.4253022982334773,0.24676375404530745,0.5555555555555556
0.42626340549540603,0.24696356275303644,0.5555555555555556
0.427104891729619,0.24736415247364152,0.5555555555555556
0.42729990702508247,0.24756493506493507,0.5555555555555556
0.4273920264864799,0.24796747967479674,0.5555555555555556
0.4276582036777694,0.2481692432872254,0.5555555555555556
0.4277682625081986,0.247557003257329,0.5537340619307832
0.4287757689431509,0.24714518760195758,0.5519125683060109
0.4290368356100649,0.2473469387755102,0.5519125683060109
0.4294316510258924,0.24754901960784315,0.5519125683060109
0.429529603844288,0.24775143090760426,0.5519125683060109
0.4297274120062971,0.24876847290640394,0.5519125683060109
0.4297343876919129,0.24897288414133115,0.5519125683060109
0.42991445078325113,0.24917763157894737,0.5519125683060109
0.43003961812277414,0.24938271604938272,0.5519125683060109
0.4305705186665671,0.24958813838550248,0.5519125683060109
0.43096404510805464,0.24979389942291838,0.5519125683060109
0.43141060147504723,0.25,0.5519125683060109
0.431554369600047,0.25041322314049586,0.5519125683060109
0.43180544284541345,0.2506203473945409,0.5519125683060109
0.4319722313108366,0.2508278145695364,0.5519125683060109
0.4321471040590925,0.2510356255178128,0.5519125683060109
0.4325168243650455,0.2512437810945274,0.5519125683060109
0.43256536784851857,0.25145228215767634,0.5519125683060109
0.4335880932204691,0.2516611295681063,0.5519125683060109
0.4337380728179643,0.2518703241895262,0.5519125683060109
0.43394057441492007,0.25228975853455454,0.5519125683060109
0.43422744359071913,0.2525,0.5519125683060109
0.43433857059659176,0.2527105921601334,0.5519125683060109
0.43433894946736007,0.25292153589315525,0.5519125683060109
0.4347703965937492,0.252297410192147,0.5500910746812386
0.43515897617865895,0.2525083612040134,0.5500910746812386
0.4352617408949365,0.25271966527196654,0.5500910746812386
0.4353006301670061,0.2520938023450586,0.5482695810564663
0.4354678963447597,0.25230511316010057,0.5482695810564663
0.4358632246744451,0.2525167785234899,0.5482695810564663
0.4359056185803107,0.25272879932829556,0.5482695810564663
0.4359786150733075,0.25379426644182124,0.5482695810564663
0.43605265699534906,0.2540084388185654,0.5482695810564663
0.4362498641300229,0.25422297297297297,0.5482695810564663
0.436722937885593,0.25443786982248523,0.5482695810564663
0.43674940749630753,0.2546531302876481,0.5482695810564663
0.4380502388693701,0.2548687552921253,0.5482695810564663
0.43840871495193684,0.2548853016142736,0.546448087431694
0.43854231094089197,0.25510204081632654,0.546448087431694
0.4390020268614167,0.2555366269165247,0.546448087431694
0.43922896664993866,0.2549019607843137,0.5446265938069217
0.43964137074732385,0.2553373185311699,0.5446265938069217
0.4396969089176274,0.25555555555555554,0.5446265938069217
0.4399558726644896,0.2557741659538067,0.5446265938069217
0.44096643093672006,0.2559931506849315,0.5446265938069217
0.44107727636686284,0.25621251071122536,0.5446265938069217
0.4412947469626856,0.2564322469982847,0.5446265938069217
0.4414448241821043,0.25665236051502144,0.5446265938069217
0.44159853648827596,0.25709372312983664,0.5446265938069217
0.44196729683367275,0.2573149741824441,0.5446265938069217
0.44258619554868356,0.2566752799310939,0.5428051001821493
0.44261019470040547,0.25689655172413794,0.5428051001821493
0.44309562283608167,0.2571182053494392,0.5428051001821493
0.4435019460028263,0.25734024179620035,0.5428051001821493
0.4438380093003195,0.2566983578219533,0.5409836065573771
0.44386728572508644,0.2560553633217993,0.5391621129326047
0.4444541409258644,0.25627705627705627,0.5391621129326047
0.4449636538666679,0.2564991334488735,0.5391621129326047
0.44581806752837283,0.25585429314830876,0.5373406193078324
0.4458852952218266,0.25565217391304346,0.5355191256830601
0.44597281610877854,0.25609756097560976,0.5355191256830601
0.44626257485984744,0.2563208369659983,0.5355191256830601
0.44640994494668823,0.25654450261780104,0.5355191256830601
0.44642815537747094,0.25676855895196504,0.5355191256830601
0.4465850899979057,0.256993006993007,0.5355191256830601
0.44698933108233985,0.2572178477690289,0.5355191256830601
0.4471518011738876,0.2574430823117338,0.5355191256830601
0.4475820192470176,0.25766871165644173,0.5355191256830601
0.44759248756784986,0.2578947368421053,0.5355191256830601
0.4476582670691574,0.2581211589113257,0.5355191256830601
0.44782022049677794,0.2583479789103691,0.5355191256830601
0.4478847043571408,0.25857519788918204,0.5355191256830601
0.44797364594857325,0.25880281690140844,0.5355191256830601
0.44805407397454533,0.25903083700440527,0.5355191256830601
0.4480693268972236,0.25925925925925924,0.5355191256830601
0.4487195909065534,0.2594880847308032,0.5355191256830601
0.44892113314329635,0.2597173144876325,0.5355191256830601
0.44894762722491405,0.259946949602122,0.5355191256830601
0.4495067489159404,0.26017699115044246,0.5355191256830601
0.4500822259837923,0.2604074402125775,0.5355191256830601
0.450269674228093,0.26063829787234044,0.5355191256830601
0.45037731782259166,0.2608695652173913,0.5355191256830601
0.4505479505962935,0.261101243339254,0.5355191256830601
0.4506577015256362,0.2613333333333333,0.5355191256830601
0.4507444681161399,0.2615658362989324,0.5355191256830601
0.4509807194220637,0.26179875333926983,0.5355191256830601
0.45120531658128515,0.2620320855614973,0.5355191256830601
0.451335790807643,0.2622658340767172,0.5355191256830601
0.4516306420718838,0.2625,0.5355191256830601
0.4522455360549628,0.26320501342882724,0.5355191256830601
0.45251358646814244,0.26344086021505375,0.5355191256830601
0.4525442878395969,0.2639138240574506,0.5355191256830601
0.4525717309176289,0.2641509433962264,0.5355191256830601
0.45259373270505354,0.2643884892086331,0.5355191256830601
0.45270267817492793,0.2646264626462646,0.5355191256830601
0.4529665248809984,0.26420198376916143,0.5336976320582878
0.45299084749797724,0.2653985507246377,0.5336976320582878
0.4536764060666664,0.2656391659111514,0.5336976320582878
0.4537024898603689,0.2658802177858439,0.5336976320582878
0.4539271070302191,0.2652134423251589,0.5318761384335154
0.45397947220501533,0.26545454545454544,0.5318761384335154
0.4539971272669349,0.2656960873521383,0.5318761384335154
0.4540229674425588,0.2659380692167577,0.5318761384335154
0.4544200941803039,0.26618049225159524,0.5318761384335154
0.4546628543690418,0.2664233576642336,0.5318761384335154
0.4547031773776103,0.26666666666666666,0.5318761384335154
0.4561672820919667,0.26691042047531993,0.5318761384335154
0.456181958887166,0.26715462031107046,0.5318761384335154
0.4562546527455879,0.2664835164835165,0.5300546448087432
0.45693432788717314,0.26672777268560954,0.5300546448087432
0.45705663598297586,0.26697247706422017,0.5300546448087432
0.4571732080031682,0.26721763085399447,0.5300546448087432
0.45721706014047925,0.265869365225391,0.5264116575591985
0.45724197196972566,0.26611418047882135,0.5264116575591985
0.45739956768611345,0.2654377880184332,0.5245901639344263
0.45762008294179923,0.26476014760147604,0.5227686703096539
0.4576385207218148,0.26500461680517085,0.5227686703096539
0.45797579256531284,0.26524953789279115,0.5227686703096539
0.45802450555490415,0.2645698427382054,0.5209471766848816
0.45846410445206714,0.26481481481481484,0.5209471766848816
0.4588480191776165,0.26506024096385544,0.5209471766848816
0.45887720736731874,0.2653061224489796,0.5209471766848816
0.4588775550568016,0.26579925650557623,0.5209471766848816
0.45893822420468144,0.266046511627907,0.5209471766848816
0.4592484118960105,0.26629422718808193,0.5209471766848816
0.45939294312740014,0.26654240447343897,0.5209471766848816
0.4596330824048197,0.2667910447761194,0.5209471766848816
0.45997116332279686,0.2672897196261682,0.5209471766848816
0.4602159551211352,0.2675397567820393,0.5209471766848816
0.46023845077899656,0.26779026217228463,0.5209471766848816
0.46041658539506936,0.26710402999062793,0.5191256830601093
0.4609044026744443,0.2673545966228893,0.5191256830601093
0.46106141851329097,0.26785714285714285,0.5191256830601093
0.46108876402960336,0.2681091251175917,0.5191256830601093
0.4614508969389638,0.2679245283018868,0.517304189435337
0.4617186334809119,0.26817752596789424,0.517304189435337
0.4622105407006521,0.2684310018903592,0.517304189435337
0.4622314374814306,0.2686849574266793,0.517304189435337
0.4623739585786458,0.26799242424242425,0.5154826958105647
0.46269704423311175,0.2682464454976303,0.5154826958105647
0.46278182869764967,0.2685009487666034,0.5154826958105647
0.46290318508637457,0.26875593542260207,0.5154826958105647
0.46311230301896794,0.26901140684410646,0.5154826958105647
0.46408918620118556,0.269267364414843,0.5154826958105647
0.46414408674766794,0.2695238095238095,0.5154826958105647
0.46440983828526666,0.2697807435653003,0.5154826958105647
0.4647945816335086,0.2700381679389313,0.5154826958105647
0.4648927835762291,0.2702960840496657,0.5154826958105647
0.4652336969836338,0.27055449330783937,0.5154826958105647
0.46565492742422077,0.2708133971291866,0.5154826958105647
0.4657119083486428,0.2710727969348659,0.5154826958105647
0.4657528071613424,0.2713326941514861,0.5154826958105647
0.4660303775664451,0.27089337175792505,0.5136612021857924
0.4661934542332343,0.2735208535402522,0.5136612021857924
0.4662978004941245,0.2737864077669903,0.5136612021857924
0.46662619519710574,0.27405247813411077,0.5136612021857924
0.46666600921269075,0.27431906614785995,0.5136612021857924
0.4671408017917603,0.2736124634858812,0.51183970856102
0.4675255164183436,0.27387914230019494,0.51183970856102
0.4678090303318087,0.27414634146341466,0.51183970856102
0.46795037131414063,0.27370478983382207,0.5100182149362478
0.4681890296536012,0.273972602739726,0.5100182149362478
0.46845704184207243,0.2742409402546523,0.5100182149362478
0.4684951359465491,0.27450980392156865,0.5100182149362478
0.4689761188675281,0.2747791952894995,0.5100182149362478
0.46903363938980275,0.275049115913556,0.5100182149362478
0.46906535513799325,0.2753195673549656,0.5100182149362478
0.47012201636587303,0.2755905511811024,0.5100182149362478
0.4705257330940728,0.2748768472906404,0.5081967213114754
0.4708956625999177,0.27514792899408286,0.5081967213114754
0.47094705987003316,0.2754195459032576,0.5081967213114754
0.4710859848034828,0.2756916996047431,0.5081967213114754
0.4712738868674549,0.27596439169139464,0.5081967213114754
0.47201155408238565,0.27623762376237626,0.5081967213114754
0.47224885787548215,0.27651139742319125,0.5081967213114754
0.4729718355762033,0.2767857142857143,0.5081967213114754
0.47350767831222185,0.2770605759682224,0.5081967213114754
0.4736832859329102,0.2773359840954274,0.5081967213114754
0.4743346363473272,0.27761194029850744,0.5081967213114754
0.47447562671763316,0.27689243027888444,0.5063752276867031
0.4745229861879731,0.2761714855433699,0.5045537340619308
0.47463807102052047,0.27644710578842313,0.5045537340619308
0.47544239040740116,0.27672327672327673,0.5045537340619308
0.4754813354415605,0.2806484295845998,0.5045537340619308
0.4756310665854636,0.28093306288032455,0.5045537340619308
0.47569593376133523,0.2812182741116751,0.5045537340619308
0.47579094049793835,0.2815040650406504,0.5045537340619308
0.47604155017246197,0.28179043743641913,0.5045537340619308
0.4763393312533496,0.2820773930753564,0.5045537340619308
0.476877807872784,0.2823649337410805,0.5045537340619308
0.477370178525745,0.2816326530612245,0.5027322404371585
0.4775323816393302,0.2819203268641471,0.5027322404371585
0.47800315160947976,0.2822085889570552,0.5027322404371585
0.47803196851098334,0.28249744114636643,0.5027322404371585
0.4782510595335715,0.2817622950819672,0.5009107468123861
0.47828505083294515,0.28205128205128205,0.5009107468123861
0.478901387850758,0.2813141683778234,0.4990892531876138
0.4789859700392012,0.2816032887975334,0.4990892531876138
0.4793347907395209,0.28189300411522633,0.4990892531876138
0.4793371000785145,0.282183316168898,0.4990892531876138
0.47938170802416247,0.28202479338842973,0.4972677595628415
0.47940427083281034,0.281282316442606,0.49544626593806923
0.47954126336452296,0.2805383022774327,0.4936247723132969
0.47965151657438176,0.28082901554404144,0.4936247723132969
0.4802852219960417,0.2796257796257796,0.4899817850637523
0.48061340453463675,0.28020833333333334,0.4899817850637523
0.48068022400701477,0.2805005213764338,0.4899817850637523
0.4808591983258908,0.2797494780793319,0.48816029143898
0.48105811282805777,0.27824267782426776,0.48451730418943534
0.48133869302161914,0.27853403141361255,0.48451730418943534
0.4813454197794571,0.27882599580712786,0.48451730418943534
0.4814038552401693,0.27911857292759706,0.48451730418943534
0.48148220887009985,0.2786540483701367,0.48269581056466304
0.4815843928669048,0.2789473684210526,0.48269581056466304
0.4825959398026396,0.2792413066385669,0.48269581056466304
0.4829527381269339,0.2795358649789029,0.48269581056466304
0.483039441567511,0.28012684989429176,0.48269581056466304
0.4830501791561309,0.27936507936507937,0.4808743169398907
0.48307133550539616,0.2796610169491525,0.4808743169398907
0.48308580077277585,0.2788971367974549,0.4790528233151184
0.48359900914948156,0.2791932059447983,0.4790528233151184
0.4837496250484465,0.27948990435706694,0.4790528233151184
0.48396250623999604,0.28038379530916846,0.4790528233151184
0.4844348318166933,0.2799145299145299,0.4772313296903461
0.484612047012468,0.2802139037433155,0.4772313296903461
0.4847618834845148,0.28051391862955033,0.4772313296903461
0.4860173993961741,0.2811158798283262,0.4772313296903461
0.4861726440383227,0.2814178302900107,0.4772313296903461
0.4866461900013191,0.28094725511302476,0.47540983606557374
0.48729351193348674,0.28125,0.47540983606557374
0.48766284009365696,0.2815533980582524,0.47540983606557374
0.4879570457649701,0.28216216216216217,0.47540983606557374
0.4881389900482478,0.2824675324675325,0.47540983606557374
0.4884352146598224,0.28277356446370533,0.47540983606557374
0.488550844555718,0.28199566160520606,0.47358834244080145
0.4886311827355923,0.28230184581976114,0.47358834244080145
0.48882468746760166,0.2826086956521739,0.47358834244080145
0.4891275349753659,0.28182807399347115,0.47176684881602915
0.4894642487534648,0.28104575163398693,0.46994535519125685
0.48976002295457005,0.2813522355507088,0.46994535519125685
0.4899993161881727,0.28056768558951967,0.4681238615664845
0.490316479994356,0.28087431693989073,0.4681238615664845
0.490518329739786,0.2800875273522976,0.4663023679417122
0.49088646678008097,0.2810098792535675,0.4663023679417122
0.49195191716857284,0.2802197802197802,0.4644808743169399
0.49211581328191567,0.28083700440528636,0.4644808743169399
0.49235034363339364,0.28114663726571115,0.4644808743169399
0.4926492960927696,0.2803532008830022,0.46265938069216755
0.49270512827458135,0.28066298342541435,0.46265938069216755
0.49314050721215913,0.2809734513274336,0.46265938069216755
0.4934737425073247,0.28159645232815966,0.46265938069216755
0.49353423725591217,0.2825361512791991,0.46265938069216755
0.49355165025380443,0.28205128205128205,0.46083788706739526
0.4944754130371777,0.28236607142857145,0.46083788706739526
0.49597150134640616,0.28268156424581004,0.46083788706739526
0.4961975806223821,0.2829977628635347,0.46083788706739526
0.49645271385408307,0.2821948488241881,0.45901639344262296
0.4970483511451068,0.2825112107623318,0.45901639344262296
0.497401719055466,0.28170594837261503,0.45719489981785066
0.4980179248487591,0.28202247191011237,0.45719489981785066
0.498074656007999,0.2823397075365579,0.45719489981785066
0.5003029451123843,0.28153153153153154,0.4553734061930783
0.5005232218685454,0.2818489289740699,0.4553734061930783
0.5006121994819754,0.28216704288939054,0.4553734061930783
0.501295004117792,0.2824858757062147,0.4553734061930783
0.501839472121432,0.2816742081447964,0.453551912568306
0.502256943385944,0.28036322360953464,0.44990892531876137
0.5023134215235989,0.2806818181818182,0.44990892531876137
0.5023445364120129,0.27986348122866894,0.44808743169398907
0.5023789472641574,0.28018223234624146,0.44808743169398907
0.5025901117544629,0.2805017103762828,0.44808743169398907
0.503147051920677,0.28114285714285714,0.44808743169398907
0.5034765353033475,0.281786941580756,0.44808743169398907
0.5035244753518843,0.28211009174311924,0.44808743169398907
0.5040548876603831,0.28243398392652125,0.44808743169398907
0.504385545017493,0.2827586206896552,0.44808743169398907
0.5044617555694035,0.28308400460299193,0.44808743169398907
0.504477371072086,0.28290993071593534,0.44626593806921677
0.5049919196640673,0.2835648148148148,0.44626593806921677
0.5054697441015332,0.2845528455284553,0.44626593806921677
0.5056389928759418,0.28488372093023256,0.44626593806921677
0.505779340058751,0.28554778554778554,0.44626593806921677
0.5058611097145688,0.286214953271028,0.44626593806921677
0.5066324181415234,0.28654970760233917,0.44626593806921677
0.5069254497702366,0.28688524590163933,0.44626593806921677
0.5073013986519025,0.28722157092614303,0.44626593806921677
0.5073950549368882,0.2875586854460094,0.44626593806921677
0.5077160866464637,0.2878965922444183,0.44626593806921677
0.507814433141785,0.28857479387514723,0.44626593806921677
0.5081606984079993,0.28773584905660377,0.4444444444444444
0.5081683846520448,0.28807556080283353,0.4444444444444444
0.5086916893152186,0.2890995260663507,0.4444444444444444
0.5090472638523647,0.28825622775800713,0.4426229508196721
0.509110006901908,0.28859857482185275,0.4426229508196721
0.509289397868677,0.2877526753864447,0.4408014571948998
0.5096924386336918,0.28809523809523807,0.4408014571948998
0.5104371334969341,0.28843861740166865,0.4408014571948998
0.5104435593013547,0.28758949880668255,0.43897996357012753
0.5109631507813328,0.2867383512544803,0.4371584699453552
0.5111580134185505,0.28811524609843936,0.4371584699453552
0.511180445214683,0.28725961538461536,0.4353369763205829
0.5112322061557978,0.28795180722891567,0.4353369763205829
0.5113230909773003,0.2886473429951691,0.4353369763205829
0.5115716149214748,0.2896969696969697,0.4353369763205829
0.5118115735687435,0.29004854368932037,0.4353369763205829
0.5119006387525569,0.29040097205346294,0.4353369763205829
0.5121327615699717,0.2895377128953771,0.4335154826958106
0.5125298940879459,0.28867235079171744,0.43169398907103823
0.5129133286315625,0.2890243902439024,0.43169398907103823
0.5133016561825984,0.2885085574572127,0.42987249544626593
0.513735856046387,0.28886168910648713,0.42987249544626593
0.5137849636216558,0.28992628992628994,0.42987249544626593
0.5139836144533526,0.2902829028290283,0.42987249544626593
0.5139963716321113,0.29064039408866993,0.42987249544626593
0.5142944806022902,0.2909987669543773,0.42987249544626593
0.5142979791309257,0.291358024691358,0.42987249544626593
0.5145137785480163,0.29301745635910226,0.42805100182149364
0.514632469038688,0.2925,0.4262295081967213
0.5148158926157769,0.2947103274559194,0.4262295081967213
0.514867348037145,0.29508196721311475,0.4262295081967213
0.5149642017845666,0.29545454545454547,0.4262295081967213
0.5150490997985885,0.29582806573957016,0.4262295081967213
0.5151342211928515,0.2953105196451204,0.424408014571949
0.5153705453129759,0.2956852791878173,0.424408014571949
0.5155013993602523,0.2947903430749682,0.4225865209471767
0.5157427419578653,0.29554140127388534,0.4225865209471767
0.5163064201066838,0.29464285714285715,0.4207650273224044
0.5164171140659772,0.2950191570881226,0.4207650273224044
0.5165214884909342,0.2948717948717949,0.41894353369763204
0.5165350330229024,0.29562982005141386,0.41894353369763204
0.5171438480336197,0.2963917525773196,0.41894353369763204
0.517288664757158,0.2967741935483871,0.41894353369763204
0.5175360291024559,0.2949547218628719,0.41530054644808745
0.5176629386850354,0.29571984435797666,0.41530054644808745
0.5178247654365276,0.2961038961038961,0.41530054644808745
0.5178479353237941,0.2964889466840052,0.41530054644808745
0.5179190823529912,0.296875,0.41530054644808745
0.5180414303120897,0.2954248366013072,0.4116575591985428
0.5181166601495788,0.29450261780104714,0.4098360655737705
0.5184800248092681,0.2948885976408912,0.4098360655737705
0.518524464411981,0.2952755905511811,0.4098360655737705
0.5185460244842663,0.29605263157894735,0.4098360655737705
0.5185693019742208,0.29722589167767505,0.4098360655737705
0.5192300451160599,0.2962962962962963,0.4080145719489982
0.5204388964422398,0.29668874172185433,0.4080145719489982
0.5209491855231855,0.29708222811671087,0.4080145719489982
0.5214224976365058,0.29747675962815406,0.4080145719489982
0.5218140225998164,0.2969374167776298,0.40619307832422585
0.5219218195972839,0.296,0.40437158469945356
0.521944437612033,0.2971887550200803,0.40437158469945356
0.522051752971895,0.2975871313672922,0.40437158469945356
0.5222130466019711,0.29878869448183043,0.40437158469945356
0.5222692772909576,0.29784366576819404,0.40255009107468126
0.5226706463049263,0.2968960863697706,0.4007285974499089
0.5233771428846492,0.2972972972972973,0.4007285974499089
0.5234994444939235,0.2976995940460081,0.4007285974499089
0.5241847448421463,0.3005464480874317,0.4007285974499089
0.5246075661213186,0.3009575923392613,0.4007285974499089
0.5246105300397145,0.3,0.3989071038251366
0.5248558698983149,0.3008241758241758,0.3989071038251366
0.5248866012385747,0.3012379642365887,0.3989071038251366
0.5249945621317147,0.30165289256198347,0.3989071038251366
0.525656441677061,0.3006896551724138,0.3970856102003643
0.5257828301626966,0.3011049723756906,0.3970856102003643
0.5262920951881499,0.301521438450899,0.3970856102003643
0.526453907699695,0.30193905817174516,0.3970856102003643
0.5268549366284782,0.30235783633841884,0.3970856102003643
0.52729329956756,0.30277777777777776,0.3970856102003643
0.527573450388906,0.3022284122562674,0.39526411657559196
0.5276144062482861,0.30264993026499304,0.39526411657559196
0.5276897704772442,0.30307262569832405,0.39526411657559196
0.5277221835471463,0.3034965034965035,0.39526411657559196
0.5277780815242786,0.30392156862745096,0.39526411657559196
0.5279135969942066,0.30434782608695654,0.39526411657559196
0.5283831216684525,0.3047752808988764,0.39526411657559196
0.5285641819745084,0.30520393811533053,0.39526411657559196
0.5295007208536853,0.3056338028169014,0.39526411657559196
0.5296978439622243,0.3050847457627119,0.39344262295081966
0.5303897156978079,0.3055162659123055,0.39344262295081966
0.530524292055027,0.3059490084985836,0.39344262295081966
0.5309088050546973,0.3053977272727273,0.39162112932604737
0.5313496674995403,0.30484330484330485,0.38979963570127507
0.5323961884681013,0.30527817403708984,0.38979963570127507
0.5324268560392416,0.3057142857142857,0.38979963570127507
0.5334216388869077,0.3064748201438849,0.3879781420765027
0.5341509058571826,0.30547550432276654,0.3861566484517304
0.5345594604783573,0.3059163059163059,0.3861566484517304
0.5354514328620991,0.3063583815028902,0.3861566484517304
0.5357696051266482,0.3053545586107091,0.3843351548269581
0.5360752714529032,0.30434782608695654,0.3825136612021858
0.5360898878718617,0.3047895500725689,0.3825136612021858
0.5368177772022321,0.3056768558951965,0.3825136612021858
0.5372037777433836,0.30612244897959184,0.3825136612021858
0.5374092207081878,0.3051094890510949,0.3806921675774135
0.5375898282542114,0.30409356725146197,0.3788706739526412
0.5376362967803425,0.30453879941434847,0.3788706739526412
0.5384916009757093,0.30498533724340177,0.3788706739526412
0.5385380994987947,0.3054331864904552,0.3788706739526412
0.5389915556708212,0.3058823529411765,0.3788706739526412
0.5392269272158688,0.30678466076696165,0.3788706739526412
0.5402842969399587,0.3072378138847858,0.3788706739526412
0.5407658656144416,0.3062130177514793,0.3770491803278688
0.5410051538665139,0.30518518518518517,0.37522768670309653
0.5411110386145824,0.3056379821958457,0.37522768670309653
0.5417604377403633,0.30505952380952384,0.37340619307832423
0.5420814396879635,0.3055141579731744,0.37340619307832423
0.542606160750379,0.30597014925373134,0.37340619307832423
0.5426451914621879,0.3064275037369208,0.37340619307832423
0.5426465652314835,0.3068862275449102,0.37340619307832423
0.5429715566087324,0.3073463268365817,0.37340619307832423
0.5432422549523995,0.3063063063063063,0.37158469945355194
0.5433180755838464,0.3067669172932331,0.37158469945355194
0.5435539120499753,0.3072289156626506,0.37158469945355194
0.5435707455142569,0.30618401206636503,0.3697632058287796
0.5437271741400843,0.3066465256797583,0.3697632058287796
0.5437490587634248,0.30559757942511345,0.3679417122040073
0.5440085897184406,0.30606060606060603,0.3679417122040073
0.5440999286689862,0.3073394495412844,0.366120218579235
0.5449048186425626,0.30781010719754975,0.366120218579235
0.5449544181278225,0.30828220858895705,0.366120218579235
0.5452075756594028,0.30721966205837176,0.36429872495446264
0.545430194837507,0.30615384615384617,0.36247723132969034
0.5456728442396317,0.3050847457627119,0.36065573770491804
0.5459129717234829,0.3055555555555556,0.36065573770491804
0.5461053841005554,0.30602782071097373,0.36065573770491804
0.5467850986305701,0.3065015479876161,0.36065573770491804
0.5468726797364375,0.30793157076205285,0.36065573770491804
0.5468918481793232,0.308411214953271,0.36065573770491804
0.5471390410717282,0.3088923556942278,0.36065573770491804
0.5472295213396196,0.3108320251177394,0.36065573770491804
0.5473279763847345,0.3113207547169811,0.36065573770491804
0.5476476165926497,0.31181102362204727,0.36065573770491804
0.5477987227772331,0.31230283911671924,0.36065573770491804
0.5486820501875045,0.312202852614897,0.3588342440801457
0.5497539225836517,0.3126984126984127,0.3588342440801457
0.5497656697647365,0.3146964856230032,0.3588342440801457
0.5498055727066259,0.3152,0.3588342440801457
0.5501370644894268,0.3157051282051282,0.3588342440801457
0.5504675602066433,0.3162118780096308,0.3588342440801457
0.5505861237279317,0.3167202572347267,0.3588342440801457
0.5506916148882751,0.3161290322580645,0.3570127504553734
0.550724739139631,0.3166397415185784,0.3570127504553734
0.5510483827331732,0.31715210355987056,0.3570127504553734
0.5514212743760176,0.31766612641815234,0.3570127504553734
0.5518781332353345,0.31921824104234525,0.3570127504553734
0.5519809789218268,0.3197389885807504,0.3570127504553734
0.5520505297114068,0.31862745098039214,0.3551912568306011
0.5521028120718111,0.3191489361702128,0.3551912568306011
0.5523544207256779,0.32019704433497537,0.3551912568306011
0.5524371456645827,0.3190789473684211,0.3533697632058288
0.5526506176581162,0.31960461285008235,0.3533697632058288
0.5529109788718759,0.3201320132013201,0.3533697632058288
0.5533250586427492,0.32066115702479336,0.3533697632058288
0.5535613700045964,0.3211920529801324,0.3533697632058288
0.554106466823653,0.32172470978441126,0.3533697632058288
0.5551620632190692,0.3222591362126246,0.3533697632058288
0.5563366784331286,0.32387312186978295,0.3533697632058288
0.5563906403735501,0.32274247491638797,0.35154826958105645
0.5571735680302745,0.3232830820770519,0.35154826958105645
0.5573568172811757,0.3221476510067114,0.34972677595628415
0.5579541476764451,0.3226890756302521,0.34972677595628415
0.5579822477294184,0.32323232323232326,0.34972677595628415
0.5582433266019305,0.32377740303541314,0.34972677595628415
0.558567167901329,0.32432432432432434,0.34972677595628415
0.5589188786265908,0.3248730964467005,0.34972677595628415
0.5591790297130245,0.32372881355932204,0.34790528233151186
0.559233731609459,0.3225806451612903,0.3460837887067395
0.5594984789827105,0.3231292517006803,0.3460837887067395
0.559566679306674,0.32367972742759793,0.3460837887067395
0.5597753672323749,0.3225255972696246,0.3442622950819672
0.559960198587059,0.3219178082191781,0.3424408014571949
0.5599972576514365,0.32246998284734135,0.3424408014571949
0.5601857457809432,0.3230240549828179,0.3424408014571949
0.5602184795503379,0.32358003442340794,0.3424408014571949
0.5603153681943209,0.32413793103448274,0.3424408014571949
0.5604924114687787,0.32525951557093424,0.3424408014571949
0.560546058500043,0.32582322357019067,0.3424408014571949
0.560612291195949,0.3246527777777778,0.3406193078324226
0.5610708317541359,0.32578397212543553,0.3406193078324226
0.5611354930146949,0.32460732984293195,0.33879781420765026
0.5611701237084084,0.32517482517482516,0.33879781420765026
0.5612115971184428,0.3257443082311734,0.33879781420765026
0.5613261075524608,0.3286219081272085,0.33879781420765026
0.5613877951891266,0.3292035398230089,0.33879781420765026
0.5617740658383271,0.32978723404255317,0.33879781420765026
0.5619468264663174,0.3285968028419183,0.33697632058287796
0.562365168721179,0.3274021352313167,0.33515482695810567
0.5624308438622082,0.32798573975044565,0.33515482695810567
0.5624533387898105,0.3267857142857143,0.3333333333333333
0.5627008349490291,0.32737030411449014,0.3333333333333333
0.5629162159900527,0.32854578096947934,0.3333333333333333
0.5629189008954856,0.3279279279279279,0.331511839708561
0.5629435225264349,0.3291139240506329,0.331511839708561
0.5629647468390044,0.3278985507246377,0.3296903460837887
0.5630918771064505,0.32849364791288566,0.3296903460837887
0.5637450078166456,0.3284671532846715,0.32786885245901637
0.5642010408939855,0.3290676416819013,0.32786885245901637
0.5642616107387636,0.32967032967032966,0.32786885245901637
0.5647006182254354,0.3302752293577982,0.32786885245901637
0.5648385271711628,0.3290441176470588,0.32604735883424407
0.5651100134666801,0.3278084714548803,0.3242258652094718
0.5654677825065519,0.32656826568265684,0.3224043715846995
0.5656895212784078,0.32653061224489793,0.3205828779599271
0.565865740746071,0.3271375464684015,0.3205828779599271
0.5662377443339899,0.32774674115456237,0.3205828779599271
0.5663660502710477,0.32710280373831774,0.31876138433515483
0.5666908104795638,0.3258426966292135,0.31693989071038253
0.5677353893548401,0.3233082706766917,0.3132969034608379
0.5680799471648148,0.3239171374764595,0.3132969034608379
0.5681874965601942,0.32325141776937616,0.3114754098360656
0.5682582833165116,0.32386363636363635,0.3114754098360656
0.5691967879360291,0.32447817836812143,0.3114754098360656
0.569328056189857,0.3231939163498099,0.30965391621129323
0.5697915158399677,0.3238095238095238,0.30965391621129323
0.5703703828101152,0.3244274809160305,0.30965391621129323
0.5704369290491618,0.32504780114722753,0.30965391621129323
0.5707565097806874,0.32375478927203066,0.30783242258652094
0.5713511999061893,0.32437619961612285,0.30783242258652094
0.5717681024711476,0.325626204238921,0.30783242258652094
0.5723133971155837,0.32432432432432434,0.30601092896174864
0.5725518388608648,0.32495164410058025,0.30601092896174864
0.5732537638904038,0.328125,0.30601092896174864
0.5735764669380168,0.32938856015779094,0.30418943533697634
0.5736301367356941,0.3300395256916996,0.30418943533697634
0.5739715570029361,0.33134920634920634,0.30418943533697634
0.5743340263940976,0.33266932270916333,0.30418943533697634
0.5744538068763521,0.332,0.302367941712204
0.5746173357615857,0.33266533066132264,0.302367941712204
0.5747328519664391,0.3333333333333333,0.302367941712204
0.5748037455153906,0.33400402414486924,0.302367941712204
0.5751396417727926,0.3333333333333333,0.3005464480874317
0.5757688971081817,0.33468559837728196,0.3005464480874317
0.5759493872745352,0.3353658536585366,0.3005464480874317
0.5764502393030733,0.3360488798370672,0.3005464480874317
0.5767898299083398,0.3346938775510204,0.2987249544626594
0.5768885070662707,0.3333333333333333,0.29690346083788705
0.57744224705444,0.3319672131147541,0.29508196721311475
0.5775066527586411,0.3326488706365503,0.29508196721311475
0.5780734987266112,0.3333333333333333,0.29326047358834245
0.578622474996778,0.33402489626556015,0.29326047358834245
0.5794092167428556,0.33264033264033266,0.29143897996357016
0.5800128441830269,0.33472803347280333,0.29143897996357016
0.5801739536676846,0.33542976939203356,0.29143897996357016
0.5805474561030747,0.33403361344537813,0.2896174863387978
0.580557211978823,0.33263157894736844,0.2877959927140255
0.5808704024407461,0.3333333333333333,0.2877959927140255
0.581133268251026,0.33192389006342493,0.2859744990892532
0.5816214739766182,0.3326271186440678,0.2859744990892532
0.5821937623037698,0.33121019108280253,0.28415300546448086
0.5825026446212828,0.33191489361702126,0.28415300546448086
0.582628043294183,0.3326226012793177,0.28415300546448086
0.583018587876018,0.3311965811965812,0.28233151183970856
0.5837912477265743,0.3297644539614561,0.28051001821493626
0.5838233692431387,0.33047210300429186,0.28051001821493626
0.5843163081973223,0.3326133909287257,0.28051001821493626
0.5844052086054973,0.33116883116883117,0.2786885245901639
0.5845436807978345,0.33260869565217394,0.2786885245901639
0.5847712947480229,0.3333333333333333,0.2786885245901639
0.5848795516006411,0.33406113537117904,0.2786885245901639
0.5852229881034687,0.33260393873085337,0.2768670309653916
0.5859690916560101,0.3333333333333333,0.2768670309653916
0.5865664128928431,0.33406593406593404,0.2768670309653916
0.586887587636386,0.33185840707964603,0.273224043715847
0.5872683379223821,0.33111111111111113,0.27140255009107467
0.5874376557937252,0.33184855233853006,0.27140255009107467
0.587479575863137,0.3325892857142857,0.27140255009107467
0.5876874952598528,0.3333333333333333,0.27140255009107467
0.588098158064706,0.33408071748878926,0.27140255009107467
0.5888153787533329,0.3348314606741573,0.27140255009107467
0.5888193611057803,0.3333333333333333,0.26958105646630237
0.5895218278322466,0.332579185520362,0.2677595628415301
0.5901689074752755,0.3310657596371882,0.2659380692167577
0.5904961784499381,0.33181818181818185,0.2659380692167577
0.5907845395962549,0.3325740318906606,0.2659380692167577
0.591296255014485,0.3310502283105023,0.2641165755919854
0.5915650590074945,0.3295194508009153,0.26229508196721313
0.5930346256568848,0.3302752293577982,0.26229508196721313
0.593042439397213,0.3310344827586207,0.26229508196721313
0.5933062857519282,0.3317972350230415,0.26229508196721313
0.5942219178743862,0.3325635103926097,0.26229508196721313
0.5948675833631755,0.3333333333333333,0.26229508196721313
0.5949143496972557,0.33410672853828305,0.26229508196721313
0.595096591042076,0.33488372093023255,0.26229508196721313
0.5953571103799745,0.3356643356643357,0.26229508196721313
0.5957076736664046,0.3341121495327103,0.2604735883424408
0.5957695051796311,0.33647058823529413,0.2604735883424408
0.5958640987298699,0.33726415094339623,0.2604735883424408
0.5959155702744047,0.3380614657210402,0.2604735883424408
0.5973487037325826,0.33886255924170616,0.2604735883424408
0.5982621896490423,0.33729216152019004,0.2586520947176685
0.5986451133272016,0.3380952380952381,0.2586520947176685
0.5986509260474235,0.33890214797136037,0.2586520947176685
0.5986729571188243,0.3373205741626794,0.2568306010928962
0.5993006054221945,0.3381294964028777,0.2568306010928962
0.5998248904542092,0.3389423076923077,0.2568306010928962
0.599967064743256,0.3397590361445783,0.2568306010928962
0.6001612023337006,0.34057971014492755,0.2568306010928962
0.6003659713330571,0.3414043583535109,0.2568306010928962
0.6005755211030389,0.340632603406326,0.2550091074681239
0.6005883022612782,0.3431372549019608,0.2550091074681239
0.6010869020387688,0.34074074074074073,0.25136612021857924
0.6012766501928418,0.3415841584158416,0.25136612021857924
0.6014694571984719,0.3399503722084367,0.2495446265938069
0.6014851522825964,0.341645885286783,0.2495446265938069
0.6015067982416542,0.3425,0.2495446265938069
0.601540619431089,0.3442211055276382,0.2495446265938069
0.6016741749833594,0.345088161209068,0.2495446265938069
0.6019752693191901,0.34595959595959597,0.2495446265938069
0.6024087879414504,0.34430379746835443,0.24772313296903462
0.602433028809533,0.34517766497461927,0.24772313296903462
0.6028930005234084,0.3435114503816794,0.2459016393442623
0.6045790741196164,0.34438775510204084,0.2459016393442623
0.604623895674819,0.3452685421994885,0.2459016393442623
0.60630751714682,0.34615384615384615,0.2459016393442623
0.6072333504657998,0.34704370179948585,0.2459016393442623
0.6074948336852681,0.34536082474226804,0.24408014571949
0.6075223158172998,0.34366925064599485,0.24225865209471767
0.6075677886315725,0.344559585492228,0.24225865209471767
0.6081112115376169,0.34545454545454546,0.24225865209471767
0.6083080426458354,0.3463541666666667,0.24225865209471767
0.6089411386825921,0.34464751958224543,0.24043715846994534
0.6094844881024786,0.34554973821989526,0.24043715846994534
0.6100632578008305,0.3464566929133858,0.24043715846994534
0.6102069363381951,0.34300791556728233,0.23679417122040072
0.6105415767578164,0.3439153439153439,0.23679417122040072
0.6108207311654641,0.3448275862068966,0.23679417122040072
0.611120935188306,0.3466666666666667,0.23679417122040072
0.6112449874058137,0.34759358288770054,0.23679417122040072
0.6116280487848232,0.3485254691689008,0.23679417122040072
0.6117621313008683,0.3467741935483871,0.23497267759562843
0.612189105223457,0.3477088948787062,0.23497267759562843
0.6124609880586671,0.34594594594594597,0.2331511839708561
0.6127569668985205,0.34417344173441733,0.23132969034608378
0.612881998828679,0.3451086956521739,0.23132969034608378
0.6134107151150558,0.3460490463215259,0.23132969034608378
0.6143884007976766,0.3469945355191257,0.23132969034608378
0.6152634766763941,0.34794520547945207,0.23132969034608378
0.6154908983635573,0.3489010989010989,0.23132969034608378
0.6159789950034715,0.34710743801652894,0.22950819672131148
0.6164051282972172,0.34806629834254144,0.22950819672131148
0.6166412639139199,0.3462603878116344,0.22768670309653916
0.6181109096341132,0.34444444444444444,0.22586520947176686
0.6182029243085316,0.34540389972144847,0.22586520947176686
0.6187591209659871,0.3463687150837989,0.22586520947176686
0.6189043782004174,0.3455056179775281,0.22404371584699453
0.6189803901221876,0.3464788732394366,0.22404371584699453
0.6190051636716302,0.3474576271186441,0.22404371584699453
0.6197088016724189,0.34844192634560905,0.22404371584699453
0.6199020262181072,0.3494318181818182,0.22404371584699453
0.6212921339104337,0.3504273504273504,0.22404371584699453
0.6213852340807875,0.3514285714285714,0.22404371584699453
0.6215656996228361,0.3495702005730659,0.2222222222222222
0.6216921187597991,0.3505747126436782,0.2222222222222222
0.6219444491172832,0.3515850144092219,0.2222222222222222
0.6228494924009695,0.35260115606936415,0.2222222222222222
0.6229335340469354,0.3507246376811594,0.2204007285974499
0.6234144397882655,0.35276967930029157,0.2204007285974499
0.6241247471608868,0.3538011695906433,0.2204007285974499
0.6241502868611624,0.3548387096774194,0.2204007285974499
0.6242647144118634,0.35294117647058826,0.2185792349726776
0.6244558188099033,0.35398230088495575,0.2185792349726776
0.6255310973586624,0.3520710059171598,0.2167577413479053
0.626108756665708,0.35311572700296734,0.2167577413479053
0.6274418227126587,0.3562874251497006,0.2167577413479053
0.6274443318005534,0.35735735735735735,0.2167577413479053
0.6274512952083678,0.35542168674698793,0.21493624772313297
0.6283480962041368,0.3564954682779456,0.21493624772313297
0.6283555301127418,0.3575757575757576,0.21493624772313297
0.6287851155971113,0.3586626139817629,0.21493624772313297
0.6288680532042524,0.3597560975609756,0.21493624772313297
0.6294526339605739,0.36085626911314983,0.21493624772313297
0.6303575579920474,0.3619631901840491,0.21493624772313297
0.6318906157879115,0.3630769230769231,0.21493624772313297
0.6320615574123252,0.36419753086419754,0.21493624772313297
0.6325209359934946,0.3622291021671827,0.21311475409836064
0.6327963609159135,0.36335403726708076,0.21311475409836064
0.63317161510174,0.3644859813084112,0.21311475409836064
0.6339495148715203,0.365625,0.21311475409836064
0.634510061701175,0.36363636363636365,0.21129326047358835
0.6353563248171282,0.36477987421383645,0.21129326047358835
0.6356280123044766,0.3659305993690852,0.21129326047358835
0.6360821154147456,0.3639240506329114,0.20947176684881602
0.6366300635829533,0.36507936507936506,0.20947176684881602
0.6369344980201671,0.3662420382165605,0.20947176684881602
0.6372828482048536,0.36741214057507987,0.20947176684881602
0.6383895395549267,0.3685897435897436,0.20947176684881602
0.6386896581504615,0.36977491961414793,0.20947176684881602
0.6388591401109138,0.36893203883495146,0.20765027322404372
0.6391847584020303,0.36688311688311687,0.2058287795992714
0.6394081195312981,0.36807817589576547,0.2058287795992714
0.6404985486801263,0.3660130718954248,0.2040072859744991
0.6410943112960543,0.36721311475409835,0.2040072859744991
0.6412968159277191,0.3696369636963696,0.2040072859744991
0.6433237849842609,0.3675496688741722,0.20218579234972678
0.6437601476152635,0.3687707641196013,0.20218579234972678
0.6441499887324263,0.36789297658862874,0.20036429872495445
0.644491367549999,0.367003367003367,0.19854280510018216
0.6449694171093643,0.36824324324324326,0.19854280510018216
0.6470934809485968,0.36610169491525424,0.19672131147540983
0.6485481393074416,0.3673469387755102,0.19672131147540983
0.6487366777916125,0.36860068259385664,0.19672131147540983
0.6495227754792992,0.3664383561643836,0.19489981785063754
0.6504268142819302,0.36769759450171824,0.19489981785063754
0.6506210304223309,0.3689655172413793,0.19489981785063754
0.6520517997714497,0.370242214532872,0.19489981785063754
0.6520858408245545,0.37282229965156793,0.19489981785063754
0.652623183390736,0.3706293706293706,0.1930783242258652
0.654549441749613,0.3719298245614035,0.1930783242258652
0.6545531649724369,0.3732394366197183,0.1930783242258652
0.6546308578241963,0.3745583038869258,0.1930783242258652
0.6551611481420503,0.3723404255319149,0.1912568306010929
0.6560282867496697,0.3701067615658363,0.1894353369763206
0.6569530674795268,0.3678571428571429,0.18761384335154827
0.6571494659306398,0.3655913978494624,0.18579234972677597
0.6581221537820509,0.3669064748201439,0.18579234972677597
0.6585922909848334,0.36823104693140796,0.18579234972677597
0.6590983071517388,0.3695652173913043,0.18579234972677597
0.6593517559706009,0.3709090909090909,0.18579234972677597
0.659432108115825,0.3686131386861314,0.18397085610200364
0.6603239922746614,0.3663003663003663,0.18214936247723132
0.6605944439532386,0.3639705882352941,0.18032786885245902
0.6614189732017852,0.36531365313653136,0.18032786885245902
0.6623609393446894,0.36666666666666664,0.18032786885245902
0.6627166741754213,0.3643122676579926,0.1785063752276867
0.6628138967143105,0.3656716417910448,0.1785063752276867
0.6634368921483884,0.36329588014981273,0.1766848816029144
0.6637551439656333,0.36466165413533835,0.1766848816029144
0.664084385778983,0.36742424242424243,0.1766848816029144
0.6651813317748987,0.367816091954023,0.17486338797814208
0.6660733046825591,0.36923076923076925,0.17486338797814208
0.6668730622050373,0.37065637065637064,0.17486338797814208
0.6681629706735868,0.3682170542635659,0.17304189435336975
0.668584886581307,0.3657587548638132,0.17122040072859745
0.6686335221845021,0.3671875,0.17122040072859745
0.6703377625479121,0.36470588235294116,0.16939890710382513
0.6709533301802573,0.3661417322834646,0.16939890710382513
0.6727636090048634,0.3611111111111111,0.1657559198542805
0.6732894289682954,0.36254980079681276,0.1657559198542805
0.67351210539364,0.364,0.1657559198542805
0.6735379050380768,0.36693548387096775,0.1657559198542805
0.6738774668206913,0.3643724696356275,0.16393442622950818
0.6743747941970012,0.363265306122449,0.1621129326047359
0.6756108251123039,0.36065573770491804,0.16029143897996356
0.6756961907772964,0.35802469135802467,0.15846994535519127
0.6766740429476377,0.359504132231405,0.15846994535519127
0.6769845605279475,0.36099585062240663,0.15846994535519127
0.6775910890850507,0.35833333333333334,0.15664845173041894
0.6787125705129512,0.35564853556485354,0.15482695810564662
0.6802682934084128,0.35294117647058826,0.15300546448087432
0.6810476533565303,0.35443037974683544,0.15300546448087432
0.6811091633849984,0.3516949152542373,0.151183970856102
0.6811285386461636,0.35319148936170214,0.151183970856102
0.6814746215509824,0.3504273504273504,0.1493624772313297
0.6815634274730688,0.34913793103448276,0.14754098360655737
0.6824108565436208,0.3463203463203463,0.14571948998178508
0.6826145767108857,0.34347826086956523,0.14389799635701275
0.6836622112572089,0.34497816593886466,0.14389799635701275
0.6845751756244551,0.34649122807017546,0.14389799635701275
0.6851679365278464,0.34801762114537443,0.14389799635701275
0.6871655089256977,0.34513274336283184,0.14207650273224043
0.6874839566010738,0.34841628959276016,0.14025500910746813
0.687854652914231,0.35,0.14025500910746813
0.6880617378498197,0.3470319634703196,0.1384335154826958
0.6888639359700126,0.35023041474654376,0.1384335154826958
0.6891960508668433,0.35185185185185186,0.1384335154826958
0.6897236494224613,0.35348837209302325,0.1384335154826958
0.6915924925644281,0.35046728971962615,0.1366120218579235
0.6924286454636427,0.352112676056338,0.1366120218579235
0.6928080305691033,0.35377358490566035,0.1366120218579235
0.6934966781430599,0.35071090047393366,0.13479052823315119
0.6952951351974951,0.3523809523809524,0.13479052823315119
0.6980162198090606,0.3492822966507177,0.13296903460837886
0.6985231868034167,0.35096153846153844,0.13296903460837886
0.699541740314564,0.3526570048309179,0.13296903460837886
0.6997491527686128,0.35436893203883496,0.13296903460837886
0.7003166039009887,0.35609756097560974,0.13296903460837886
0.7019591201453428,0.35294117647058826,0.13114754098360656
0.7024148935619653,0.3497536945812808,0.12932604735883424
0.7051832832598494,0.35148514851485146,0.12932604735883424
0.7055779459549324,0.35323383084577115,0.12932604735883424
0.7056074541170156,0.355,0.12932604735883424
0.7056298186557832,0.35678391959798994,0.12932604735883424
0.7108730760841575,0.35858585858585856,0.12932604735883424
0.7136985020379313,0.3604060913705584,0.12932604735883424
0.7138163059082704,0.3622448979591837,0.12932604735883424
0.7141939109039857,0.3641025641025641,0.12932604735883424
0.7144185285453772,0.36082474226804123,0.12750455373406194
0.7148675233371798,0.3626943005181347,0.12750455373406194
0.7162795368780642,0.3645833333333333,0.12750455373406194
0.7170797156589076,0.36649214659685864,0.12750455373406194
0.7175684865149687,0.3684210526315789,0.12750455373406194
0.7181828562367178,0.36507936507936506,0.12568306010928962
0.7193816716437702,0.3670212765957447,0.12568306010928962
0.7231631760413764,0.36363636363636365,0.12386156648451731
0.7232384885868102,0.3655913978494624,0.12386156648451731
0.7250251959333569,0.3675675675675676,0.12386156648451731
0.7256879070451105,0.37158469945355194,0.12386156648451731
0.7260104637705247,0.36813186813186816,0.122040072859745
0.7261336477873971,0.3701657458563536,0.122040072859745
0.7263448723604062,0.36666666666666664,0.12021857923497267
0.7268775599218184,0.3707865168539326,0.12021857923497267
0.7284365759426329,0.3728813559322034,0.12021857923497267
0.7289016968821462,0.3693181818181818,0.11839708561020036
0.72895632618482,0.37142857142857144,0.11839708561020036
0.729145772404894,0.3735632183908046,0.11839708561020036
0.729286941313717,0.37572254335260113,0.11839708561020036
0.7299597664804759,0.37790697674418605,0.11839708561020036
0.7302452630632417,0.38011695906432746,0.11839708561020036
0.7303002076387548,0.38235294117647056,0.11839708561020036
0.7306792256287384,0.38461538461538464,0.11839708561020036
0.7313977006652731,0.3869047619047619,0.11839708561020036
0.7327034071789482,0.38922155688622756,0.11839708561020036
0.7329723527266523,0.3855421686746988,0.11657559198542805
0.7339408614829681,0.3902439024390244,0.11657559198542805
0.7347490765923338,0.39263803680981596,0.11657559198542805
0.7350141023166389,0.3950617283950617,0.11657559198542805
0.735710618937257,0.39751552795031053,0.11657559198542805
0.7360938002444801,0.39375,0.11475409836065574
0.7364423024494721,0.39622641509433965,0.11475409836065574
0.7367284982297355,0.3924050632911392,0.11293260473588343
0.7374105877519657,0.3885350318471338,0.1111111111111111
0.7376830911458553,0.391025641025641,0.1111111111111111
0.7378002752188447,0.3935483870967742,0.1111111111111111
0.737875197819862,0.3961038961038961,0.1111111111111111
0.7379059891988643,0.39869281045751637,0.1111111111111111
0.7383923413343472,0.39072847682119205,0.10746812386156648
0.7398653147674004,0.38666666666666666,0.10564663023679417
0.7402272264316355,0.38926174496644295,0.10564663023679417
0.7404272631038578,0.3918918918918919,0.10564663023679417
0.7405317502927647,0.3945578231292517,0.10564663023679417
0.7405679862745437,0.3972602739726027,0.10564663023679417
0.7412783715610411,0.3931034482758621,0.10382513661202186
0.742102446125581,0.3888888888888889,0.10200364298724955
0.7430204060035814,0.3916083916083916,0.10200364298724955
0.7433923454442728,0.39436619718309857,0.10200364298724955
0.7434502320969119,0.3971631205673759,0.10200364298724955
0.7434692592411747,0.39285714285714285,0.10018214936247723
0.7436384123311932,0.39568345323741005,0.10018214936247723
0.7448326908341326,0.39855072463768115,0.10018214936247723
0.7454984716274577,0.40145985401459855,0.10018214936247723
0.7471918638986843,0.40441176470588236,0.10018214936247723
0.7474482498652664,0.4074074074074074,0.10018214936247723
0.7477799972433433,0.41044776119402987,0.10018214936247723
0.7499000382719847,0.41353383458646614,0.10018214936247723
0.7510120639984256,0.4090909090909091,0.09836065573770492
0.7521658865814473,0.40458015267175573,0.0965391621129326
0.7523935874580481,0.4076923076923077,0.0965391621129326
0.7534268243171437,0.40310077519379844,0.0947176684881603
0.7535138415041963,0.3984375,0.09289617486338798
0.7535440835813207,0.3937007874015748,0.09107468123861566
0.755001300483308,0.3968253968253968,0.09107468123861566
0.7551229784129074,0.4,0.09107468123861566
0.7565379535564652,0.4032258064516129,0.09107468123861566
0.756832997858443,0.3983739837398374,0.08925318761384335
0.7576813114247967,0.39344262295081966,0.08743169398907104
0.7578949440160265,0.3884297520661157,0.08561020036429873
0.7585480252924918,0.39166666666666666,0.08561020036429873
0.758636723379442,0.3865546218487395,0.08378870673952642
0.7591002498032904,0.3898305084745763,0.08378870673952642
0.7598698240922719,0.38461538461538464,0.08196721311475409
0.7604936452050126,0.3879310344827586,0.08196721311475409
0.7616697636425558,0.39473684210526316,0.08196721311475409
0.7619833534389092,0.3893805309734513,0.08014571948998178
0.7629905666838065,0.39285714285714285,0.08014571948998178
0.7631884535076378,0.3963963963963964,0.08014571948998178
0.7649538299204837,0.4,0.08014571948998178
0.7654401981033053,0.3944954128440367,0.07832422586520947
0.7656409203430363,0.39814814814814814,0.07832422586520947
0.7674419428192331,0.40186915887850466,0.07832422586520947
0.76793348399523,0.4056603773584906,0.07832422586520947
0.7685879945248577,0.4,0.07650273224043716
0.7694995756684914,0.3942307692307692,0.07468123861566485
0.7696560474615564,0.3883495145631068,0.07285974499089254
0.7699303113445048,0.38235294117647056,0.07103825136612021
0.7700652330155323,0.37623762376237624,0.0692167577413479
0.7701111200709603,0.37,0.06739526411657559
0.7724162794182976,0.36363636363636365,0.06557377049180328
0.7759289382412885,0.3711340206185567,0.06557377049180328
0.7771015580661979,0.375,0.06557377049180328
0.7780480730866154,0.37894736842105264,0.06557377049180328
0.7783610456611267,0.3723404255319149,0.06375227686703097
0.7794702539420344,0.3763440860215054,0.06375227686703097
0.7800830210320615,0.3695652173913043,0.061930783242258654
0.7806555570526609,0.37362637362637363,0.061930783242258654
0.7809744628189195,0.37777777777777777,0.061930783242258654
0.7817734171636461,0.38202247191011235,0.061930783242258654
0.7824042357180874,0.38636363636363635,0.061930783242258654
0.782488971576382,0.39080459770114945,0.061930783242258654
0.7834665771244923,0.3953488372093023,0.061930783242258654
0.7863557782800774,0.4,0.061930783242258654
0.7871725030165125,0.39285714285714285,0.060109289617486336
0.7871997847621979,0.39759036144578314,0.060109289617486336
0.7891846626736214,0.4024390243902439,0.060109289617486336
0.7916992821544167,0.4074074074074074,0.060109289617486336
0.7918001972115035,0.4,0.058287795992714025
0.7939501730411345,0.4050632911392405,0.058287795992714025
0.798209610153154,0.3974358974358974,0.056466302367941715
0.8014388637608083,0.4025974025974026,0.056466302367941715
0.8024599461643834,0.40789473684210525,0.056466302367941715
0.8034442807808615,0.41333333333333333,0.056466302367941715
0.8037670450559136,0.40540540540540543,0.0546448087431694
0.8094539450195242,0.3972602739726027,0.052823315118397086
0.8103717257675354,0.3888888888888889,0.051001821493624776
0.8113173893569559,0.39436619718309857,0.051001821493624776
0.8117963264044903,0.391304347826087,0.04918032786885246
0.8119720974229315,0.38235294117647056,0.04735883424408015
0.8130391948413197,0.3880597014925373,0.04735883424408015
0.8167188722717492,0.3939393939393939,0.04735883424408015
0.8175736452296243,0.38461538461538464,0.04553734061930783
0.818232139415715,0.3968253968253968,0.04553734061930783
0.8194704602428993,0.4032258064516129,0.04553734061930783
0.8217282564672834,0.39344262295081966,0.04371584699453552
0.8222959021380971,0.4,0.04371584699453552
0.8225647878753597,0.3898305084745763,0.04189435336976321
0.8227672659724479,0.38596491228070173,0.04007285974499089
0.8235189656805331,0.39285714285714285,0.04007285974499089
0.8248484316861401,0.4,0.04007285974499089
0.8260748942789746,0.3888888888888889,0.03825136612021858
0.8261240840903491,0.37735849056603776,0.03642987249544627
0.8283748205089843,0.38461538461538464,0.03642987249544627
0.8294616527553581,0.37254901960784315,0.03460837887067395
0.8306049223535924,0.38,0.03460837887067395
0.8311613161869136,0.3877551020408163,0.03460837887067395
0.8312570615306468,0.3958333333333333,0.03460837887067395
0.8320524251435546,0.40425531914893614,0.03460837887067395
0.8345796712262993,0.391304347826087,0.03278688524590164
0.8356696144068972,0.37777777777777777,0.030965391621129327
0.837203408441882,0.36363636363636365,0.029143897996357013
0.8384339079732235,0.37209302325581395,0.029143897996357013
0.8385279933497221,0.38095238095238093,0.029143897996357013
0.8390644469722277,0.3902439024390244,0.029143897996357013
0.8450465122084447,0.375,0.0273224043715847
0.8455148530828948,0.38461538461538464,0.0273224043715847
0.8476816830378188,0.3684210526315789,0.025500910746812388
0.8478608915571328,0.35135135135135137,0.023679417122040074
0.8487270080045426,0.3333333333333333,0.02185792349726776
0.8489777146923833,0.34285714285714286,0.02185792349726776
0.8529664755183032,0.3235294117647059,0.020036429872495445
0.8563275894677183,0.3333333333333333,0.020036429872495445
0.8570145560279794,0.3125,0.018214936247723135
0.8577586213219461,0.3225806451612903,0.018214936247723135
0.8623423783953672,0.3333333333333333,0.018214936247723135
0.864135939209541,0.3448275862068966,0.018214936247723135
0.8656998326007997,0.35714285714285715,0.018214936247723135
0.8683431360831111,0.37037037037037035,0.018214936247723135
0.8712618785438946,0.36,0.01639344262295082
0.8727258860858446,0.375,0.01639344262295082
0.8753010980806859,0.34782608695652173,0.014571948998178506
0.8780003925664588,0.36363636363636365,0.014571948998178506
0.8787763334412527,0.38095238095238093,0.014571948998178506
0.880090040256044,0.4,0.014571948998178506
0.8816666691084798,0.42105263157894735,0.014571948998178506
0.8821579667228324,0.3888888888888889,0.012750455373406194
0.8862669755980507,0.4117647058823529,0.012750455373406194
0.8868590786745734,0.4375,0.012750455373406194
0.8886636171523047,0.4666666666666667,0.012750455373406194
0.8926914449917058,0.5,0.012750455373406194
0.8970417546868439,0.46153846153846156,0.01092896174863388
0.8987658037156993,0.5,0.01092896174863388
0.9003621288362297,0.5454545454545454,0.01092896174863388
0.9015689639522437,0.5,0.009107468123861567
0.9048941374749994,0.4444444444444444,0.007285974499089253
0.9052848716349505,0.5,0.007285974499089253
0.9138602229898091,0.5714285714285714,0.007285974499089253
0.9158041114687739,0.6666666666666666,0.007285974499089253
0.9159278171483813,0.8,0.007285974499089253
0.923929205495356,0.75,0.00546448087431694
0.9319882908776016,0.6666666666666666,0.0036429872495446266
0.9520497724014084,0.5,0.0018214936247723133
1.0,1.0,0.0
